date,step,decision_day,actions,status
2020-07-01,0,True,"[-0.23675636947155, 0.7898929119110107, -0.1676214188337326, 1.0, 1.0, -0.10947848856449127, -0.8792885541915894, 0.007632555905729532, -0.4364238977432251, 1.0, 1.0, 0.5375599265098572, 0.29493749141693115, -0.6363484859466553, -0.16415919363498688, 0.311617374420166, -1.0, 1.0, -0.23766005039215088, -1.0, 0.1132432222366333, 1.0, -1.0, 0.41576871275901794, 1.0, 1.0, 0.07923199236392975, -1.0]",model_decision
2020-07-02,1,False,"[0.0, 0.0, 0.0, 0.0, 0.0, 0.0, 0.0, 0.0, 0.0, 0.0, 0.0, 0.0, 0.0, 0.0, 0.0, 0.0, 0.0, 0.0, 0.0, 0.0, 0.0, 0.0, 0.0, 0.0, 0.0, 0.0, 0.0, 0.0]",scheduled_hold
2020-07-06,2,False,"[0.0, 0.0, 0.0, 0.0, 0.0, 0.0, 0.0, 0.0, 0.0, 0.0, 0.0, 0.0, 0.0, 0.0, 0.0, 0.0, 0.0, 0.0, 0.0, 0.0, 0.0, 0.0, 0.0, 0.0, 0.0, 0.0, 0.0, 0.0]",scheduled_hold
2020-07-07,3,False,"[0.0, 0.0, 0.0, 0.0, 0.0, 0.0, 0.0, 0.0, 0.0, 0.0, 0.0, 0.0, 0.0, 0.0, 0.0, 0.0, 0.0, 0.0, 0.0, 0.0, 0.0, 0.0, 0.0, 0.0, 0.0, 0.0, 0.0, 0.0]",scheduled_hold
2020-07-08,4,False,"[0.0, 0.0, 0.0, 0.0, 0.0, 0.0, 0.0, 0.0, 0.0, 0.0, 0.0, 0.0, 0.0, 0.0, 0.0, 0.0, 0.0, 0.0, 0.0, 0.0, 0.0, 0.0, 0.0, 0.0, 0.0, 0.0, 0.0, 0.0]",scheduled_hold
2020-07-09,5,True,"[-0.23675636947155, 0.7898929119110107, -0.1676214188337326, 1.0, 1.0, -0.10947848856449127, -0.8792885541915894, 0.007632555905729532, -0.4364238977432251, 1.0, 1.0, 0.5375599265098572, 0.29493749141693115, -0.6363484859466553, -0.16415919363498688, 0.311617374420166, -1.0, 1.0, -0.23766005039215088, -1.0, 0.1132432222366333, 1.0, -1.0, 0.41576871275901794, 1.0, 1.0, 0.07923199236392975, -1.0]",model_decision
2020-07-10,6,False,"[0.0, 0.0, 0.0, 0.0, 0.0, 0.0, 0.0, 0.0, 0.0, 0.0, 0.0, 0.0, 0.0, 0.0, 0.0, 0.0, 0.0, 0.0, 0.0, 0.0, 0.0, 0.0, 0.0, 0.0, 0.0, 0.0, 0.0, 0.0]",scheduled_hold
2020-07-13,7,False,"[0.0, 0.0, 0.0, 0.0, 0.0, 0.0, 0.0, 0.0, 0.0, 0.0, 0.0, 0.0, 0.0, 0.0, 0.0, 0.0, 0.0, 0.0, 0.0, 0.0, 0.0, 0.0, 0.0, 0.0, 0.0, 0.0, 0.0, 0.0]",scheduled_hold
2020-07-14,8,False,"[0.0, 0.0, 0.0, 0.0, 0.0, 0.0, 0.0, 0.0, 0.0, 0.0, 0.0, 0.0, 0.0, 0.0, 0.0, 0.0, 0.0, 0.0, 0.0, 0.0, 0.0, 0.0, 0.0, 0.0, 0.0, 0.0, 0.0, 0.0]",scheduled_hold
2020-07-15,9,False,"[0.0, 0.0, 0.0, 0.0, 0.0, 0.0, 0.0, 0.0, 0.0, 0.0, 0.0, 0.0, 0.0, 0.0, 0.0, 0.0, 0.0, 0.0, 0.0, 0.0, 0.0, 0.0, 0.0, 0.0, 0.0, 0.0, 0.0, 0.0]",scheduled_hold
2020-07-16,10,True,"[-0.23675636947155, 0.7898929119110107, -0.1676214188337326, 1.0, 1.0, -0.10947848856449127, -0.8792885541915894, 0.007632555905729532, -0.4364238977432251, 1.0, 1.0, 0.5375599265098572, 0.29493749141693115, -0.6363484859466553, -0.16415919363498688, 0.311617374420166, -1.0, 1.0, -0.23766005039215088, -1.0, 0.1132432222366333, 1.0, -1.0, 0.41576871275901794, 1.0, 1.0, 0.07923199236392975, -1.0]",model_decision
2020-07-17,11,False,"[0.0, 0.0, 0.0, 0.0, 0.0, 0.0, 0.0, 0.0, 0.0, 0.0, 0.0, 0.0, 0.0, 0.0, 0.0, 0.0, 0.0, 0.0, 0.0, 0.0, 0.0, 0.0, 0.0, 0.0, 0.0, 0.0, 0.0, 0.0]",scheduled_hold
2020-07-20,12,False,"[0.0, 0.0, 0.0, 0.0, 0.0, 0.0, 0.0, 0.0, 0.0, 0.0, 0.0, 0.0, 0.0, 0.0, 0.0, 0.0, 0.0, 0.0, 0.0, 0.0, 0.0, 0.0, 0.0, 0.0, 0.0, 0.0, 0.0, 0.0]",scheduled_hold
2020-07-21,13,False,"[0.0, 0.0, 0.0, 0.0, 0.0, 0.0, 0.0, 0.0, 0.0, 0.0, 0.0, 0.0, 0.0, 0.0, 0.0, 0.0, 0.0, 0.0, 0.0, 0.0, 0.0, 0.0, 0.0, 0.0, 0.0, 0.0, 0.0, 0.0]",scheduled_hold
2020-07-22,14,False,"[0.0, 0.0, 0.0, 0.0, 0.0, 0.0, 0.0, 0.0, 0.0, 0.0, 0.0, 0.0, 0.0, 0.0, 0.0, 0.0, 0.0, 0.0, 0.0, 0.0, 0.0, 0.0, 0.0, 0.0, 0.0, 0.0, 0.0, 0.0]",scheduled_hold
2020-07-23,15,True,"[-0.23675636947155, 0.7898929119110107, -0.1676214188337326, 1.0, 1.0, -0.10947848856449127, -0.8792885541915894, 0.007632555905729532, -0.4364238977432251, 1.0, 1.0, 0.5375599265098572, 0.29493749141693115, -0.6363484859466553, -0.16415919363498688, 0.311617374420166, -1.0, 1.0, -0.23766005039215088, -1.0, 0.1132432222366333, 1.0, -1.0, 0.41576871275901794, 1.0, 1.0, 0.07923199236392975, -1.0]",model_decision
2020-07-24,16,False,"[0.0, 0.0, 0.0, 0.0, 0.0, 0.0, 0.0, 0.0, 0.0, 0.0, 0.0, 0.0, 0.0, 0.0, 0.0, 0.0, 0.0, 0.0, 0.0, 0.0, 0.0, 0.0, 0.0, 0.0, 0.0, 0.0, 0.0, 0.0]",scheduled_hold
2020-07-27,17,False,"[0.0, 0.0, 0.0, 0.0, 0.0, 0.0, 0.0, 0.0, 0.0, 0.0, 0.0, 0.0, 0.0, 0.0, 0.0, 0.0, 0.0, 0.0, 0.0, 0.0, 0.0, 0.0, 0.0, 0.0, 0.0, 0.0, 0.0, 0.0]",scheduled_hold
2020-07-28,18,False,"[0.0, 0.0, 0.0, 0.0, 0.0, 0.0, 0.0, 0.0, 0.0, 0.0, 0.0, 0.0, 0.0, 0.0, 0.0, 0.0, 0.0, 0.0, 0.0, 0.0, 0.0, 0.0, 0.0, 0.0, 0.0, 0.0, 0.0, 0.0]",scheduled_hold
2020-07-29,19,False,"[0.0, 0.0, 0.0, 0.0, 0.0, 0.0, 0.0, 0.0, 0.0, 0.0, 0.0, 0.0, 0.0, 0.0, 0.0, 0.0, 0.0, 0.0, 0.0, 0.0, 0.0, 0.0, 0.0, 0.0, 0.0, 0.0, 0.0, 0.0]",scheduled_hold
2020-07-30,20,True,"[-0.23675636947155, 0.7898929119110107, -0.1676214188337326, 1.0, 1.0, -0.10947848856449127, -0.8792885541915894, 0.007632555905729532, -0.4364238977432251, 1.0, 1.0, 0.5375599265098572, 0.29493749141693115, -0.6363484859466553, -0.16415919363498688, 0.311617374420166, -1.0, 1.0, -0.23766005039215088, -1.0, 0.1132432222366333, 1.0, -1.0, 0.41576871275901794, 1.0, 1.0, 0.07923199236392975, -1.0]",model_decision
2020-07-31,21,False,"[0.0, 0.0, 0.0, 0.0, 0.0, 0.0, 0.0, 0.0, 0.0, 0.0, 0.0, 0.0, 0.0, 0.0, 0.0, 0.0, 0.0, 0.0, 0.0, 0.0, 0.0, 0.0, 0.0, 0.0, 0.0, 0.0, 0.0, 0.0]",scheduled_hold
2020-08-03,22,False,"[0.0, 0.0, 0.0, 0.0, 0.0, 0.0, 0.0, 0.0, 0.0, 0.0, 0.0, 0.0, 0.0, 0.0, 0.0, 0.0, 0.0, 0.0, 0.0, 0.0, 0.0, 0.0, 0.0, 0.0, 0.0, 0.0, 0.0, 0.0]",scheduled_hold
2020-08-04,23,False,"[0.0, 0.0, 0.0, 0.0, 0.0, 0.0, 0.0, 0.0, 0.0, 0.0, 0.0, 0.0, 0.0, 0.0, 0.0, 0.0, 0.0, 0.0, 0.0, 0.0, 0.0, 0.0, 0.0, 0.0, 0.0, 0.0, 0.0, 0.0]",scheduled_hold
2020-08-05,24,False,"[0.0, 0.0, 0.0, 0.0, 0.0, 0.0, 0.0, 0.0, 0.0, 0.0, 0.0, 0.0, 0.0, 0.0, 0.0, 0.0, 0.0, 0.0, 0.0, 0.0, 0.0, 0.0, 0.0, 0.0, 0.0, 0.0, 0.0, 0.0]",scheduled_hold
2020-08-06,25,True,"[-0.23675636947155, 0.7898929119110107, -0.1676214188337326, 1.0, 1.0, -0.10947848856449127, -0.8792885541915894, 0.007632555905729532, -0.4364238977432251, 1.0, 1.0, 0.5375599265098572, 0.29493749141693115, -0.6363484859466553, -0.16415919363498688, 0.311617374420166, -1.0, 1.0, -0.23766005039215088, -1.0, 0.1132432222366333, 1.0, -1.0, 0.41576871275901794, 1.0, 1.0, 0.07923199236392975, -1.0]",model_decision
2020-08-07,26,False,"[0.0, 0.0, 0.0, 0.0, 0.0, 0.0, 0.0, 0.0, 0.0, 0.0, 0.0, 0.0, 0.0, 0.0, 0.0, 0.0, 0.0, 0.0, 0.0, 0.0, 0.0, 0.0, 0.0, 0.0, 0.0, 0.0, 0.0, 0.0]",scheduled_hold
2020-08-10,27,False,"[0.0, 0.0, 0.0, 0.0, 0.0, 0.0, 0.0, 0.0, 0.0, 0.0, 0.0, 0.0, 0.0, 0.0, 0.0, 0.0, 0.0, 0.0, 0.0, 0.0, 0.0, 0.0, 0.0, 0.0, 0.0, 0.0, 0.0, 0.0]",scheduled_hold
2020-08-11,28,False,"[0.0, 0.0, 0.0, 0.0, 0.0, 0.0, 0.0, 0.0, 0.0, 0.0, 0.0, 0.0, 0.0, 0.0, 0.0, 0.0, 0.0, 0.0, 0.0, 0.0, 0.0, 0.0, 0.0, 0.0, 0.0, 0.0, 0.0, 0.0]",scheduled_hold
2020-08-12,29,False,"[0.0, 0.0, 0.0, 0.0, 0.0, 0.0, 0.0, 0.0, 0.0, 0.0, 0.0, 0.0, 0.0, 0.0, 0.0, 0.0, 0.0, 0.0, 0.0, 0.0, 0.0, 0.0, 0.0, 0.0, 0.0, 0.0, 0.0, 0.0]",scheduled_hold
2020-08-13,30,True,"[-0.9787551760673523, 0.40670478343963623, -0.5577284097671509, 1.0, 1.0, -1.0, -1.0, -0.4437055289745331, -0.3664228320121765, 0.593113362789154, 1.0, 0.8352357745170593, -0.27489471435546875, -1.0, 1.0, -0.27278128266334534, -1.0, 1.0, 0.224635511636734, -1.0, -1.0, 1.0, -0.6038533449172974, 1.0, 1.0, -0.7876248359680176, -1.0, -1.0]",model_decision
2020-08-14,31,False,"[0.0, 0.0, 0.0, 0.0, 0.0, 0.0, 0.0, 0.0, 0.0, 0.0, 0.0, 0.0, 0.0, 0.0, 0.0, 0.0, 0.0, 0.0, 0.0, 0.0, 0.0, 0.0, 0.0, 0.0, 0.0, 0.0, 0.0, 0.0]",scheduled_hold
2020-08-17,32,False,"[0.0, 0.0, 0.0, 0.0, 0.0, 0.0, 0.0, 0.0, 0.0, 0.0, 0.0, 0.0, 0.0, 0.0, 0.0, 0.0, 0.0, 0.0, 0.0, 0.0, 0.0, 0.0, 0.0, 0.0, 0.0, 0.0, 0.0, 0.0]",scheduled_hold
2020-08-18,33,False,"[0.0, 0.0, 0.0, 0.0, 0.0, 0.0, 0.0, 0.0, 0.0, 0.0, 0.0, 0.0, 0.0, 0.0, 0.0, 0.0, 0.0, 0.0, 0.0, 0.0, 0.0, 0.0, 0.0, 0.0, 0.0, 0.0, 0.0, 0.0]",scheduled_hold
2020-08-19,34,False,"[0.0, 0.0, 0.0, 0.0, 0.0, 0.0, 0.0, 0.0, 0.0, 0.0, 0.0, 0.0, 0.0, 0.0, 0.0, 0.0, 0.0, 0.0, 0.0, 0.0, 0.0, 0.0, 0.0, 0.0, 0.0, 0.0, 0.0, 0.0]",scheduled_hold
2020-08-20,35,True,"[-0.7528119683265686, 0.08392854779958725, -0.4790288805961609, 1.0, 1.0, -1.0, -1.0, -0.5798121094703674, -0.25986653566360474, 0.6652203798294067, 1.0, 1.0, -0.032310985028743744, -1.0, 1.0, -0.5142538547515869, -1.0, 1.0, 0.24991858005523682, -1.0, -1.0, 1.0, -0.17944400012493134, 1.0, 0.6208100318908691, -1.0, -1.0, -1.0]",model_decision
2020-08-21,36,False,"[0.0, 0.0, 0.0, 0.0, 0.0, 0.0, 0.0, 0.0, 0.0, 0.0, 0.0, 0.0, 0.0, 0.0, 0.0, 0.0, 0.0, 0.0, 0.0, 0.0, 0.0, 0.0, 0.0, 0.0, 0.0, 0.0, 0.0, 0.0]",scheduled_hold
2020-08-24,37,False,"[0.0, 0.0, 0.0, 0.0, 0.0, 0.0, 0.0, 0.0, 0.0, 0.0, 0.0, 0.0, 0.0, 0.0, 0.0, 0.0, 0.0, 0.0, 0.0, 0.0, 0.0, 0.0, 0.0, 0.0, 0.0, 0.0, 0.0, 0.0]",scheduled_hold
2020-08-25,38,False,"[0.0, 0.0, 0.0, 0.0, 0.0, 0.0, 0.0, 0.0, 0.0, 0.0, 0.0, 0.0, 0.0, 0.0, 0.0, 0.0, 0.0, 0.0, 0.0, 0.0, 0.0, 0.0, 0.0, 0.0, 0.0, 0.0, 0.0, 0.0]",scheduled_hold
2020-08-26,39,False,"[0.0, 0.0, 0.0, 0.0, 0.0, 0.0, 0.0, 0.0, 0.0, 0.0, 0.0, 0.0, 0.0, 0.0, 0.0, 0.0, 0.0, 0.0, 0.0, 0.0, 0.0, 0.0, 0.0, 0.0, 0.0, 0.0, 0.0, 0.0]",scheduled_hold
2020-08-27,40,True,"[-0.7586882710456848, 0.34935250878334045, -0.3577270805835724, 1.0, 1.0, -1.0, -1.0, -0.4166070520877838, -0.48633959889411926, 0.5777188539505005, 1.0, 0.8493603467941284, -0.2411009818315506, -1.0, 1.0, -0.0346030667424202, -1.0, 1.0, 0.22707593441009521, -1.0, -1.0, 1.0, -0.6888046264648438, 1.0, 1.0, -0.5633341073989868, -0.9769284129142761, -1.0]",model_decision
2020-08-28,41,False,"[0.0, 0.0, 0.0, 0.0, 0.0, 0.0, 0.0, 0.0, 0.0, 0.0, 0.0, 0.0, 0.0, 0.0, 0.0, 0.0, 0.0, 0.0, 0.0, 0.0, 0.0, 0.0, 0.0, 0.0, 0.0, 0.0, 0.0, 0.0]",scheduled_hold
2020-08-31,42,False,"[0.0, 0.0, 0.0, 0.0, 0.0, 0.0, 0.0, 0.0, 0.0, 0.0, 0.0, 0.0, 0.0, 0.0, 0.0, 0.0, 0.0, 0.0, 0.0, 0.0, 0.0, 0.0, 0.0, 0.0, 0.0, 0.0, 0.0, 0.0]",scheduled_hold
2020-09-01,43,False,"[0.0, 0.0, 0.0, 0.0, 0.0, 0.0, 0.0, 0.0, 0.0, 0.0, 0.0, 0.0, 0.0, 0.0, 0.0, 0.0, 0.0, 0.0, 0.0, 0.0, 0.0, 0.0, 0.0, 0.0, 0.0, 0.0, 0.0, 0.0]",scheduled_hold
2020-09-02,44,False,"[0.0, 0.0, 0.0, 0.0, 0.0, 0.0, 0.0, 0.0, 0.0, 0.0, 0.0, 0.0, 0.0, 0.0, 0.0, 0.0, 0.0, 0.0, 0.0, 0.0, 0.0, 0.0, 0.0, 0.0, 0.0, 0.0, 0.0, 0.0]",scheduled_hold
2020-09-03,45,True,"[-0.7217907905578613, -0.11836718767881393, -0.5499804019927979, 1.0, 0.90619295835495, -1.0, -1.0, -0.5346584320068359, -0.167867511510849, 0.5995245575904846, 1.0, 0.9806156754493713, -0.010966315865516663, -1.0, 1.0, -0.5049223303794861, -1.0, 1.0, 0.2533314824104309, -1.0, -1.0, 1.0, -0.08390773832798004, 1.0, 0.530940055847168, -1.0, -1.0, -1.0]",model_decision
2020-09-04,46,False,"[0.0, 0.0, 0.0, 0.0, 0.0, 0.0, 0.0, 0.0, 0.0, 0.0, 0.0, 0.0, 0.0, 0.0, 0.0, 0.0, 0.0, 0.0, 0.0, 0.0, 0.0, 0.0, 0.0, 0.0, 0.0, 0.0, 0.0, 0.0]",scheduled_hold
2020-09-08,47,False,"[0.0, 0.0, 0.0, 0.0, 0.0, 0.0, 0.0, 0.0, 0.0, 0.0, 0.0, 0.0, 0.0, 0.0, 0.0, 0.0, 0.0, 0.0, 0.0, 0.0, 0.0, 0.0, 0.0, 0.0, 0.0, 0.0, 0.0, 0.0]",scheduled_hold
2020-09-09,48,False,"[0.0, 0.0, 0.0, 0.0, 0.0, 0.0, 0.0, 0.0, 0.0, 0.0, 0.0, 0.0, 0.0, 0.0, 0.0, 0.0, 0.0, 0.0, 0.0, 0.0, 0.0, 0.0, 0.0, 0.0, 0.0, 0.0, 0.0, 0.0]",scheduled_hold
2020-09-10,49,False,"[0.0, 0.0, 0.0, 0.0, 0.0, 0.0, 0.0, 0.0, 0.0, 0.0, 0.0, 0.0, 0.0, 0.0, 0.0, 0.0, 0.0, 0.0, 0.0, 0.0, 0.0, 0.0, 0.0, 0.0, 0.0, 0.0, 0.0, 0.0]",scheduled_hold
2020-09-11,50,True,"[-0.7887493968009949, -0.10018126666545868, -0.4651544988155365, 1.0, 0.9308142066001892, -1.0, -1.0, -0.6325900554656982, -0.17560738325119019, 0.37410974502563477, 1.0, 1.0, 0.0522504597902298, -1.0, 1.0, -0.5313143730163574, -1.0, 1.0, 0.3036104440689087, -1.0, -1.0, 1.0, 0.10750885307788849, 1.0, 0.18660882115364075, -1.0, -1.0, -1.0]",model_decision
2020-09-14,51,False,"[0.0, 0.0, 0.0, 0.0, 0.0, 0.0, 0.0, 0.0, 0.0, 0.0, 0.0, 0.0, 0.0, 0.0, 0.0, 0.0, 0.0, 0.0, 0.0, 0.0, 0.0, 0.0, 0.0, 0.0, 0.0, 0.0, 0.0, 0.0]",scheduled_hold
2020-09-15,52,False,"[0.0, 0.0, 0.0, 0.0, 0.0, 0.0, 0.0, 0.0, 0.0, 0.0, 0.0, 0.0, 0.0, 0.0, 0.0, 0.0, 0.0, 0.0, 0.0, 0.0, 0.0, 0.0, 0.0, 0.0, 0.0, 0.0, 0.0, 0.0]",scheduled_hold
2020-09-16,53,False,"[0.0, 0.0, 0.0, 0.0, 0.0, 0.0, 0.0, 0.0, 0.0, 0.0, 0.0, 0.0, 0.0, 0.0, 0.0, 0.0, 0.0, 0.0, 0.0, 0.0, 0.0, 0.0, 0.0, 0.0, 0.0, 0.0, 0.0, 0.0]",scheduled_hold
2020-09-17,54,False,"[0.0, 0.0, 0.0, 0.0, 0.0, 0.0, 0.0, 0.0, 0.0, 0.0, 0.0, 0.0, 0.0, 0.0, 0.0, 0.0, 0.0, 0.0, 0.0, 0.0, 0.0, 0.0, 0.0, 0.0, 0.0, 0.0, 0.0, 0.0]",scheduled_hold
2020-09-18,55,True,"[-0.7731062769889832, -0.21129824221134186, -0.5864476561546326, 1.0, 0.948765754699707, -1.0, -1.0, -0.5607120394706726, -0.09626448154449463, 0.4291611313819885, 1.0, 1.0, 0.2518009543418884, -1.0, 1.0, -0.7663888931274414, -1.0, 1.0, 0.2869543433189392, -1.0, -1.0, 1.0, 0.34757497906684875, 1.0, -0.1975485384464264, -1.0, -1.0, -0.5591745972633362]",model_decision
2020-09-21,56,False,"[0.0, 0.0, 0.0, 0.0, 0.0, 0.0, 0.0, 0.0, 0.0, 0.0, 0.0, 0.0, 0.0, 0.0, 0.0, 0.0, 0.0, 0.0, 0.0, 0.0, 0.0, 0.0, 0.0, 0.0, 0.0, 0.0, 0.0, 0.0]",scheduled_hold
2020-09-22,57,False,"[0.0, 0.0, 0.0, 0.0, 0.0, 0.0, 0.0, 0.0, 0.0, 0.0, 0.0, 0.0, 0.0, 0.0, 0.0, 0.0, 0.0, 0.0, 0.0, 0.0, 0.0, 0.0, 0.0, 0.0, 0.0, 0.0, 0.0, 0.0]",scheduled_hold
2020-09-23,58,False,"[0.0, 0.0, 0.0, 0.0, 0.0, 0.0, 0.0, 0.0, 0.0, 0.0, 0.0, 0.0, 0.0, 0.0, 0.0, 0.0, 0.0, 0.0, 0.0, 0.0, 0.0, 0.0, 0.0, 0.0, 0.0, 0.0, 0.0, 0.0]",scheduled_hold
2020-09-24,59,False,"[0.0, 0.0, 0.0, 0.0, 0.0, 0.0, 0.0, 0.0, 0.0, 0.0, 0.0, 0.0, 0.0, 0.0, 0.0, 0.0, 0.0, 0.0, 0.0, 0.0, 0.0, 0.0, 0.0, 0.0, 0.0, 0.0, 0.0, 0.0]",scheduled_hold
2020-09-25,60,True,"[-0.9548340439796448, -0.059559158980846405, -0.6644366979598999, 1.0, 0.8176537156105042, -1.0, -1.0, -0.6123687624931335, -0.018859341740608215, 0.2702866494655609, 1.0, 1.0, 0.10500200092792511, -1.0, 1.0, -0.6953003406524658, -1.0, 1.0, 0.3337980806827545, -1.0, -1.0, 1.0, 0.35118207335472107, 1.0, -0.2205306589603424, -1.0, -1.0, -0.586694598197937]",model_decision
2020-09-28,61,False,"[0.0, 0.0, 0.0, 0.0, 0.0, 0.0, 0.0, 0.0, 0.0, 0.0, 0.0, 0.0, 0.0, 0.0, 0.0, 0.0, 0.0, 0.0, 0.0, 0.0, 0.0, 0.0, 0.0, 0.0, 0.0, 0.0, 0.0, 0.0]",scheduled_hold
2020-09-29,62,False,"[0.0, 0.0, 0.0, 0.0, 0.0, 0.0, 0.0, 0.0, 0.0, 0.0, 0.0, 0.0, 0.0, 0.0, 0.0, 0.0, 0.0, 0.0, 0.0, 0.0, 0.0, 0.0, 0.0, 0.0, 0.0, 0.0, 0.0, 0.0]",scheduled_hold
2020-09-30,63,False,"[0.0, 0.0, 0.0, 0.0, 0.0, 0.0, 0.0, 0.0, 0.0, 0.0, 0.0, 0.0, 0.0, 0.0, 0.0, 0.0, 0.0, 0.0, 0.0, 0.0, 0.0, 0.0, 0.0, 0.0, 0.0, 0.0, 0.0, 0.0]",scheduled_hold
2020-10-01,64,False,"[0.0, 0.0, 0.0, 0.0, 0.0, 0.0, 0.0, 0.0, 0.0, 0.0, 0.0, 0.0, 0.0, 0.0, 0.0, 0.0, 0.0, 0.0, 0.0, 0.0, 0.0, 0.0, 0.0, 0.0, 0.0, 0.0, 0.0, 0.0]",scheduled_hold
2020-10-02,65,True,"[-0.9060466885566711, -0.0703873559832573, -0.6893813014030457, 1.0, 0.9156960844993591, -1.0, -1.0, -0.6211070418357849, -0.07853036373853683, 0.3918030261993408, 1.0, 1.0, 0.11110307276248932, -1.0, 1.0, -0.6699212193489075, -1.0, 1.0, 0.28416958451271057, -1.0, -1.0, 1.0, 0.28211766481399536, 1.0, -0.16130715608596802, -1.0, -1.0, -0.6285874843597412]",model_decision
2020-10-05,66,False,"[0.0, 0.0, 0.0, 0.0, 0.0, 0.0, 0.0, 0.0, 0.0, 0.0, 0.0, 0.0, 0.0, 0.0, 0.0, 0.0, 0.0, 0.0, 0.0, 0.0, 0.0, 0.0, 0.0, 0.0, 0.0, 0.0, 0.0, 0.0]",scheduled_hold
2020-10-06,67,False,"[0.0, 0.0, 0.0, 0.0, 0.0, 0.0, 0.0, 0.0, 0.0, 0.0, 0.0, 0.0, 0.0, 0.0, 0.0, 0.0, 0.0, 0.0, 0.0, 0.0, 0.0, 0.0, 0.0, 0.0, 0.0, 0.0, 0.0, 0.0]",scheduled_hold
2020-10-07,68,False,"[0.0, 0.0, 0.0, 0.0, 0.0, 0.0, 0.0, 0.0, 0.0, 0.0, 0.0, 0.0, 0.0, 0.0, 0.0, 0.0, 0.0, 0.0, 0.0, 0.0, 0.0, 0.0, 0.0, 0.0, 0.0, 0.0, 0.0, 0.0]",scheduled_hold
2020-10-08,69,False,"[0.0, 0.0, 0.0, 0.0, 0.0, 0.0, 0.0, 0.0, 0.0, 0.0, 0.0, 0.0, 0.0, 0.0, 0.0, 0.0, 0.0, 0.0, 0.0, 0.0, 0.0, 0.0, 0.0, 0.0, 0.0, 0.0, 0.0, 0.0]",scheduled_hold
2020-10-09,70,True,"[-0.5948373675346375, 0.17483288049697876, -0.40285131335258484, 1.0, 0.6676724553108215, -1.0, -1.0, -0.5081770420074463, -0.11807467043399811, 0.6083422303199768, 1.0, 0.8939808011054993, -0.08964012563228607, -1.0, 1.0, -0.5129714012145996, -1.0, 1.0, 0.33981433510780334, -1.0, -1.0, 1.0, 0.052530188113451004, 1.0, -0.0591023825109005, -0.9475518465042114, -1.0, -0.6527228355407715]",model_decision
2020-10-12,71,False,"[0.0, 0.0, 0.0, 0.0, 0.0, 0.0, 0.0, 0.0, 0.0, 0.0, 0.0, 0.0, 0.0, 0.0, 0.0, 0.0, 0.0, 0.0, 0.0, 0.0, 0.0, 0.0, 0.0, 0.0, 0.0, 0.0, 0.0, 0.0]",scheduled_hold
2020-10-13,72,False,"[0.0, 0.0, 0.0, 0.0, 0.0, 0.0, 0.0, 0.0, 0.0, 0.0, 0.0, 0.0, 0.0, 0.0, 0.0, 0.0, 0.0, 0.0, 0.0, 0.0, 0.0, 0.0, 0.0, 0.0, 0.0, 0.0, 0.0, 0.0]",scheduled_hold
2020-10-14,73,False,"[0.0, 0.0, 0.0, 0.0, 0.0, 0.0, 0.0, 0.0, 0.0, 0.0, 0.0, 0.0, 0.0, 0.0, 0.0, 0.0, 0.0, 0.0, 0.0, 0.0, 0.0, 0.0, 0.0, 0.0, 0.0, 0.0, 0.0, 0.0]",scheduled_hold
2020-10-15,74,False,"[0.0, 0.0, 0.0, 0.0, 0.0, 0.0, 0.0, 0.0, 0.0, 0.0, 0.0, 0.0, 0.0, 0.0, 0.0, 0.0, 0.0, 0.0, 0.0, 0.0, 0.0, 0.0, 0.0, 0.0, 0.0, 0.0, 0.0, 0.0]",scheduled_hold
2020-10-16,75,True,"[-0.7654560208320618, 0.17599311470985413, -0.4113764464855194, 1.0, 0.7719411253929138, -1.0, -1.0, -0.42193204164505005, -0.18154382705688477, 0.5051850080490112, 1.0, 0.8796641230583191, -0.2571263909339905, -1.0, 1.0, -0.27843478322029114, -1.0, 1.0, 0.3456660807132721, -1.0, -1.0, 1.0, -0.1546696275472641, 1.0, 0.7067939639091492, -0.9586410522460938, -1.0, -1.0]",model_decision
2020-10-19,76,False,"[0.0, 0.0, 0.0, 0.0, 0.0, 0.0, 0.0, 0.0, 0.0, 0.0, 0.0, 0.0, 0.0, 0.0, 0.0, 0.0, 0.0, 0.0, 0.0, 0.0, 0.0, 0.0, 0.0, 0.0, 0.0, 0.0, 0.0, 0.0]",scheduled_hold
2020-10-20,77,False,"[0.0, 0.0, 0.0, 0.0, 0.0, 0.0, 0.0, 0.0, 0.0, 0.0, 0.0, 0.0, 0.0, 0.0, 0.0, 0.0, 0.0, 0.0, 0.0, 0.0, 0.0, 0.0, 0.0, 0.0, 0.0, 0.0, 0.0, 0.0]",scheduled_hold
2020-10-21,78,False,"[0.0, 0.0, 0.0, 0.0, 0.0, 0.0, 0.0, 0.0, 0.0, 0.0, 0.0, 0.0, 0.0, 0.0, 0.0, 0.0, 0.0, 0.0, 0.0, 0.0, 0.0, 0.0, 0.0, 0.0, 0.0, 0.0, 0.0, 0.0]",scheduled_hold
2020-10-22,79,False,"[0.0, 0.0, 0.0, 0.0, 0.0, 0.0, 0.0, 0.0, 0.0, 0.0, 0.0, 0.0, 0.0, 0.0, 0.0, 0.0, 0.0, 0.0, 0.0, 0.0, 0.0, 0.0, 0.0, 0.0, 0.0, 0.0, 0.0, 0.0]",scheduled_hold
2020-10-23,80,True,"[-1.0, 0.024320164695382118, -0.7198606729507446, 1.0, 0.7325610518455505, -1.0, -1.0, -0.5872435569763184, -0.14851410686969757, 0.10015995055437088, 1.0, 0.8792563676834106, -0.0643174797296524, -1.0, 1.0, -0.29854071140289307, -1.0, 1.0, 0.25553029775619507, -1.0, -1.0, 1.0, 0.11618326604366302, 1.0, 0.21413478255271912, -1.0, -1.0, -0.772072970867157]",model_decision
2020-10-26,81,False,"[0.0, 0.0, 0.0, 0.0, 0.0, 0.0, 0.0, 0.0, 0.0, 0.0, 0.0, 0.0, 0.0, 0.0, 0.0, 0.0, 0.0, 0.0, 0.0, 0.0, 0.0, 0.0, 0.0, 0.0, 0.0, 0.0, 0.0, 0.0]",scheduled_hold
2020-10-27,82,False,"[0.0, 0.0, 0.0, 0.0, 0.0, 0.0, 0.0, 0.0, 0.0, 0.0, 0.0, 0.0, 0.0, 0.0, 0.0, 0.0, 0.0, 0.0, 0.0, 0.0, 0.0, 0.0, 0.0, 0.0, 0.0, 0.0, 0.0, 0.0]",scheduled_hold
2020-10-28,83,False,"[0.0, 0.0, 0.0, 0.0, 0.0, 0.0, 0.0, 0.0, 0.0, 0.0, 0.0, 0.0, 0.0, 0.0, 0.0, 0.0, 0.0, 0.0, 0.0, 0.0, 0.0, 0.0, 0.0, 0.0, 0.0, 0.0, 0.0, 0.0]",scheduled_hold
2020-10-29,84,False,"[0.0, 0.0, 0.0, 0.0, 0.0, 0.0, 0.0, 0.0, 0.0, 0.0, 0.0, 0.0, 0.0, 0.0, 0.0, 0.0, 0.0, 0.0, 0.0, 0.0, 0.0, 0.0, 0.0, 0.0, 0.0, 0.0, 0.0, 0.0]",scheduled_hold
2020-10-30,85,True,"[-0.9548340439796448, -0.059559158980846405, -0.6644366979598999, 1.0, 0.8176537156105042, -1.0, -1.0, -0.6123687624931335, -0.018859341740608215, 0.2702866494655609, 1.0, 1.0, 0.10500200092792511, -1.0, 1.0, -0.6953003406524658, -1.0, 1.0, 0.3337980806827545, -1.0, -1.0, 1.0, 0.35118207335472107, 1.0, -0.2205306589603424, -1.0, -1.0, -0.586694598197937]",model_decision
2020-11-02,86,False,"[0.0, 0.0, 0.0, 0.0, 0.0, 0.0, 0.0, 0.0, 0.0, 0.0, 0.0, 0.0, 0.0, 0.0, 0.0, 0.0, 0.0, 0.0, 0.0, 0.0, 0.0, 0.0, 0.0, 0.0, 0.0, 0.0, 0.0, 0.0]",scheduled_hold
2020-11-03,87,False,"[0.0, 0.0, 0.0, 0.0, 0.0, 0.0, 0.0, 0.0, 0.0, 0.0, 0.0, 0.0, 0.0, 0.0, 0.0, 0.0, 0.0, 0.0, 0.0, 0.0, 0.0, 0.0, 0.0, 0.0, 0.0, 0.0, 0.0, 0.0]",scheduled_hold
2020-11-04,88,False,"[0.0, 0.0, 0.0, 0.0, 0.0, 0.0, 0.0, 0.0, 0.0, 0.0, 0.0, 0.0, 0.0, 0.0, 0.0, 0.0, 0.0, 0.0, 0.0, 0.0, 0.0, 0.0, 0.0, 0.0, 0.0, 0.0, 0.0, 0.0]",scheduled_hold
2020-11-05,89,False,"[0.0, 0.0, 0.0, 0.0, 0.0, 0.0, 0.0, 0.0, 0.0, 0.0, 0.0, 0.0, 0.0, 0.0, 0.0, 0.0, 0.0, 0.0, 0.0, 0.0, 0.0, 0.0, 0.0, 0.0, 0.0, 0.0, 0.0, 0.0]",scheduled_hold
2020-11-06,90,True,"[-0.8853267431259155, 0.20571650564670563, -0.5343758463859558, 1.0, 0.970540463924408, -1.0, -1.0, -0.4738953113555908, -0.21322223544120789, 0.5055233240127563, 1.0, 0.8216314911842346, -0.16990403831005096, -1.0, 1.0, -0.2810075879096985, -1.0, 1.0, 0.19163447618484497, -1.0, -1.0, 1.0, -0.38191333413124084, 1.0, 0.9553439021110535, -0.9142768383026123, -1.0, -1.0]",model_decision
2020-11-09,91,False,"[0.0, 0.0, 0.0, 0.0, 0.0, 0.0, 0.0, 0.0, 0.0, 0.0, 0.0, 0.0, 0.0, 0.0, 0.0, 0.0, 0.0, 0.0, 0.0, 0.0, 0.0, 0.0, 0.0, 0.0, 0.0, 0.0, 0.0, 0.0]",scheduled_hold
2020-11-10,92,False,"[0.0, 0.0, 0.0, 0.0, 0.0, 0.0, 0.0, 0.0, 0.0, 0.0, 0.0, 0.0, 0.0, 0.0, 0.0, 0.0, 0.0, 0.0, 0.0, 0.0, 0.0, 0.0, 0.0, 0.0, 0.0, 0.0, 0.0, 0.0]",scheduled_hold
2020-11-11,93,False,"[0.0, 0.0, 0.0, 0.0, 0.0, 0.0, 0.0, 0.0, 0.0, 0.0, 0.0, 0.0, 0.0, 0.0, 0.0, 0.0, 0.0, 0.0, 0.0, 0.0, 0.0, 0.0, 0.0, 0.0, 0.0, 0.0, 0.0, 0.0]",scheduled_hold
2020-11-12,94,False,"[0.0, 0.0, 0.0, 0.0, 0.0, 0.0, 0.0, 0.0, 0.0, 0.0, 0.0, 0.0, 0.0, 0.0, 0.0, 0.0, 0.0, 0.0, 0.0, 0.0, 0.0, 0.0, 0.0, 0.0, 0.0, 0.0, 0.0, 0.0]",scheduled_hold
2020-11-13,95,True,"[-0.8129332661628723, 0.08055084198713303, -0.7287626266479492, 1.0, 0.571725070476532, -1.0, -1.0, -0.4318111836910248, -0.21240349113941193, 0.2548900544643402, 0.9872199892997742, 0.8880200982093811, -0.09382031857967377, -1.0, 1.0, -0.3934762179851532, -1.0, 1.0, 0.3545406460762024, -1.0, -1.0, 1.0, 0.1737789660692215, 1.0, -0.04156818613409996, -1.0, -0.9145151972770691, -0.4291802942752838]",model_decision
2020-11-16,96,False,"[0.0, 0.0, 0.0, 0.0, 0.0, 0.0, 0.0, 0.0, 0.0, 0.0, 0.0, 0.0, 0.0, 0.0, 0.0, 0.0, 0.0, 0.0, 0.0, 0.0, 0.0, 0.0, 0.0, 0.0, 0.0, 0.0, 0.0, 0.0]",scheduled_hold
2020-11-17,97,False,"[0.0, 0.0, 0.0, 0.0, 0.0, 0.0, 0.0, 0.0, 0.0, 0.0, 0.0, 0.0, 0.0, 0.0, 0.0, 0.0, 0.0, 0.0, 0.0, 0.0, 0.0, 0.0, 0.0, 0.0, 0.0, 0.0, 0.0, 0.0]",scheduled_hold
2020-11-18,98,False,"[0.0, 0.0, 0.0, 0.0, 0.0, 0.0, 0.0, 0.0, 0.0, 0.0, 0.0, 0.0, 0.0, 0.0, 0.0, 0.0, 0.0, 0.0, 0.0, 0.0, 0.0, 0.0, 0.0, 0.0, 0.0, 0.0, 0.0, 0.0]",scheduled_hold
2020-11-19,99,False,"[0.0, 0.0, 0.0, 0.0, 0.0, 0.0, 0.0, 0.0, 0.0, 0.0, 0.0, 0.0, 0.0, 0.0, 0.0, 0.0, 0.0, 0.0, 0.0, 0.0, 0.0, 0.0, 0.0, 0.0, 0.0, 0.0, 0.0, 0.0]",scheduled_hold
2020-11-20,100,True,"[-0.5136110186576843, -0.024505620822310448, -0.40276166796684265, 1.0, 0.49834954738616943, -1.0, -1.0, -0.8471196293830872, -0.0730256512761116, 0.29920488595962524, 0.6787195801734924, 0.8995979428291321, 0.12958286702632904, -1.0, 1.0, -0.6548015475273132, -1.0, 1.0, 0.33427006006240845, -1.0, -1.0, 1.0, 0.46153873205184937, 1.0, -0.7984329462051392, -1.0, -1.0, 0.09071813523769379]",model_decision
2020-11-23,101,False,"[0.0, 0.0, 0.0, 0.0, 0.0, 0.0, 0.0, 0.0, 0.0, 0.0, 0.0, 0.0, 0.0, 0.0, 0.0, 0.0, 0.0, 0.0, 0.0, 0.0, 0.0, 0.0, 0.0, 0.0, 0.0, 0.0, 0.0, 0.0]",scheduled_hold
2020-11-24,102,False,"[0.0, 0.0, 0.0, 0.0, 0.0, 0.0, 0.0, 0.0, 0.0, 0.0, 0.0, 0.0, 0.0, 0.0, 0.0, 0.0, 0.0, 0.0, 0.0, 0.0, 0.0, 0.0, 0.0, 0.0, 0.0, 0.0, 0.0, 0.0]",scheduled_hold
2020-11-25,103,False,"[0.0, 0.0, 0.0, 0.0, 0.0, 0.0, 0.0, 0.0, 0.0, 0.0, 0.0, 0.0, 0.0, 0.0, 0.0, 0.0, 0.0, 0.0, 0.0, 0.0, 0.0, 0.0, 0.0, 0.0, 0.0, 0.0, 0.0, 0.0]",scheduled_hold
2020-11-27,104,False,"[0.0, 0.0, 0.0, 0.0, 0.0, 0.0, 0.0, 0.0, 0.0, 0.0, 0.0, 0.0, 0.0, 0.0, 0.0, 0.0, 0.0, 0.0, 0.0, 0.0, 0.0, 0.0, 0.0, 0.0, 0.0, 0.0, 0.0, 0.0]",scheduled_hold
2020-11-30,105,True,"[-0.6932808756828308, 0.024203086271882057, -0.5047915577888489, 1.0, 0.9879820942878723, -1.0, -1.0, -0.6707704663276672, -0.08999872207641602, 0.5080330967903137, 1.0, 1.0, 0.12390255928039551, -1.0, 1.0, -0.5717612504959106, -1.0, 1.0, 0.31028443574905396, -1.0, -1.0, 1.0, 0.0600539930164814, 1.0, 0.1112419068813324, -1.0, -1.0, -0.9263867735862732]",model_decision
2020-12-01,106,False,"[0.0, 0.0, 0.0, 0.0, 0.0, 0.0, 0.0, 0.0, 0.0, 0.0, 0.0, 0.0, 0.0, 0.0, 0.0, 0.0, 0.0, 0.0, 0.0, 0.0, 0.0, 0.0, 0.0, 0.0, 0.0, 0.0, 0.0, 0.0]",scheduled_hold
2020-12-02,107,False,"[0.0, 0.0, 0.0, 0.0, 0.0, 0.0, 0.0, 0.0, 0.0, 0.0, 0.0, 0.0, 0.0, 0.0, 0.0, 0.0, 0.0, 0.0, 0.0, 0.0, 0.0, 0.0, 0.0, 0.0, 0.0, 0.0, 0.0, 0.0]",scheduled_hold
2020-12-03,108,False,"[0.0, 0.0, 0.0, 0.0, 0.0, 0.0, 0.0, 0.0, 0.0, 0.0, 0.0, 0.0, 0.0, 0.0, 0.0, 0.0, 0.0, 0.0, 0.0, 0.0, 0.0, 0.0, 0.0, 0.0, 0.0, 0.0, 0.0, 0.0]",scheduled_hold
2020-12-04,109,False,"[0.0, 0.0, 0.0, 0.0, 0.0, 0.0, 0.0, 0.0, 0.0, 0.0, 0.0, 0.0, 0.0, 0.0, 0.0, 0.0, 0.0, 0.0, 0.0, 0.0, 0.0, 0.0, 0.0, 0.0, 0.0, 0.0, 0.0, 0.0]",scheduled_hold
2020-12-07,110,True,"[-0.6925535798072815, 0.024277755990624428, -0.5046887397766113, 1.0, 0.9878440499305725, -1.0, -1.0, -0.6707424521446228, -0.08992309868335724, 0.5077421069145203, 1.0, 1.0, 0.12426148355007172, -1.0, 1.0, -0.5718989372253418, -1.0, 1.0, 0.31054794788360596, -1.0, -1.0, 1.0, 0.05977876856923103, 1.0, 0.11128666996955872, -1.0, -1.0, -0.9265022277832031]",model_decision
2020-12-08,111,False,"[0.0, 0.0, 0.0, 0.0, 0.0, 0.0, 0.0, 0.0, 0.0, 0.0, 0.0, 0.0, 0.0, 0.0, 0.0, 0.0, 0.0, 0.0, 0.0, 0.0, 0.0, 0.0, 0.0, 0.0, 0.0, 0.0, 0.0, 0.0]",scheduled_hold
2020-12-09,112,False,"[0.0, 0.0, 0.0, 0.0, 0.0, 0.0, 0.0, 0.0, 0.0, 0.0, 0.0, 0.0, 0.0, 0.0, 0.0, 0.0, 0.0, 0.0, 0.0, 0.0, 0.0, 0.0, 0.0, 0.0, 0.0, 0.0, 0.0, 0.0]",scheduled_hold
2020-12-10,113,False,"[0.0, 0.0, 0.0, 0.0, 0.0, 0.0, 0.0, 0.0, 0.0, 0.0, 0.0, 0.0, 0.0, 0.0, 0.0, 0.0, 0.0, 0.0, 0.0, 0.0, 0.0, 0.0, 0.0, 0.0, 0.0, 0.0, 0.0, 0.0]",scheduled_hold
2020-12-11,114,False,"[0.0, 0.0, 0.0, 0.0, 0.0, 0.0, 0.0, 0.0, 0.0, 0.0, 0.0, 0.0, 0.0, 0.0, 0.0, 0.0, 0.0, 0.0, 0.0, 0.0, 0.0, 0.0, 0.0, 0.0, 0.0, 0.0, 0.0, 0.0]",scheduled_hold
2020-12-14,115,True,"[-0.6969742178916931, 0.03488374501466751, -0.45127537846565247, 1.0, 0.7920301556587219, -1.0, -1.0, -0.7152615189552307, -0.06651407480239868, 0.429701566696167, 1.0, 0.9802756905555725, 0.0954131931066513, -1.0, 1.0, -0.5849644541740417, -1.0, 1.0, 0.3198862671852112, -1.0, -1.0, 1.0, 0.1802724450826645, 1.0, -0.1896437406539917, -1.0, -1.0, -0.6013216376304626]",model_decision
2020-12-15,116,False,"[0.0, 0.0, 0.0, 0.0, 0.0, 0.0, 0.0, 0.0, 0.0, 0.0, 0.0, 0.0, 0.0, 0.0, 0.0, 0.0, 0.0, 0.0, 0.0, 0.0, 0.0, 0.0, 0.0, 0.0, 0.0, 0.0, 0.0, 0.0]",scheduled_hold
2020-12-16,117,False,"[0.0, 0.0, 0.0, 0.0, 0.0, 0.0, 0.0, 0.0, 0.0, 0.0, 0.0, 0.0, 0.0, 0.0, 0.0, 0.0, 0.0, 0.0, 0.0, 0.0, 0.0, 0.0, 0.0, 0.0, 0.0, 0.0, 0.0, 0.0]",scheduled_hold
2020-12-17,118,False,"[0.0, 0.0, 0.0, 0.0, 0.0, 0.0, 0.0, 0.0, 0.0, 0.0, 0.0, 0.0, 0.0, 0.0, 0.0, 0.0, 0.0, 0.0, 0.0, 0.0, 0.0, 0.0, 0.0, 0.0, 0.0, 0.0, 0.0, 0.0]",scheduled_hold
2020-12-18,119,False,"[0.0, 0.0, 0.0, 0.0, 0.0, 0.0, 0.0, 0.0, 0.0, 0.0, 0.0, 0.0, 0.0, 0.0, 0.0, 0.0, 0.0, 0.0, 0.0, 0.0, 0.0, 0.0, 0.0, 0.0, 0.0, 0.0, 0.0, 0.0]",scheduled_hold
2020-12-21,120,True,"[-0.9017603397369385, 0.023457059636712074, -0.622739851474762, 1.0, 0.7633806467056274, -1.0, -1.0, -0.7371265292167664, -0.17347562313079834, 0.1154513731598854, 1.0, 0.8683660626411438, 0.13113239407539368, -1.0, 1.0, -0.44998887181282043, -1.0, 1.0, 0.3076440393924713, -1.0, -1.0, 1.0, -0.004470150917768478, 1.0, 0.19422253966331482, -1.0, -1.0, -1.0]",model_decision
2020-12-22,121,False,"[0.0, 0.0, 0.0, 0.0, 0.0, 0.0, 0.0, 0.0, 0.0, 0.0, 0.0, 0.0, 0.0, 0.0, 0.0, 0.0, 0.0, 0.0, 0.0, 0.0, 0.0, 0.0, 0.0, 0.0, 0.0, 0.0, 0.0, 0.0]",scheduled_hold
2020-12-23,122,False,"[0.0, 0.0, 0.0, 0.0, 0.0, 0.0, 0.0, 0.0, 0.0, 0.0, 0.0, 0.0, 0.0, 0.0, 0.0, 0.0, 0.0, 0.0, 0.0, 0.0, 0.0, 0.0, 0.0, 0.0, 0.0, 0.0, 0.0, 0.0]",scheduled_hold
2020-12-24,123,False,"[0.0, 0.0, 0.0, 0.0, 0.0, 0.0, 0.0, 0.0, 0.0, 0.0, 0.0, 0.0, 0.0, 0.0, 0.0, 0.0, 0.0, 0.0, 0.0, 0.0, 0.0, 0.0, 0.0, 0.0, 0.0, 0.0, 0.0, 0.0]",scheduled_hold
2020-12-28,124,False,"[0.0, 0.0, 0.0, 0.0, 0.0, 0.0, 0.0, 0.0, 0.0, 0.0, 0.0, 0.0, 0.0, 0.0, 0.0, 0.0, 0.0, 0.0, 0.0, 0.0, 0.0, 0.0, 0.0, 0.0, 0.0, 0.0, 0.0, 0.0]",scheduled_hold
2020-12-29,125,True,"[-0.9423909187316895, 0.05827368050813675, -0.6283198595046997, 1.0, 0.9419534802436829, -1.0, -1.0, -0.6937466859817505, -0.13170933723449707, 0.298606276512146, 1.0, 0.9456841945648193, 0.09350127726793289, -1.0, 1.0, -0.48929643630981445, -1.0, 1.0, 0.24874043464660645, -1.0, -1.0, 1.0, 0.12491999566555023, 1.0, 0.10573440790176392, -1.0, -1.0, -0.8104209303855896]",model_decision
2020-12-30,126,False,"[0.0, 0.0, 0.0, 0.0, 0.0, 0.0, 0.0, 0.0, 0.0, 0.0, 0.0, 0.0, 0.0, 0.0, 0.0, 0.0, 0.0, 0.0, 0.0, 0.0, 0.0, 0.0, 0.0, 0.0, 0.0, 0.0, 0.0, 0.0]",scheduled_hold
2020-12-31,127,False,"[0.0, 0.0, 0.0, 0.0, 0.0, 0.0, 0.0, 0.0, 0.0, 0.0, 0.0, 0.0, 0.0, 0.0, 0.0, 0.0, 0.0, 0.0, 0.0, 0.0, 0.0, 0.0, 0.0, 0.0, 0.0, 0.0, 0.0, 0.0]",scheduled_hold
2021-01-04,128,False,"[0.0, 0.0, 0.0, 0.0, 0.0, 0.0, 0.0, 0.0, 0.0, 0.0, 0.0, 0.0, 0.0, 0.0, 0.0, 0.0, 0.0, 0.0, 0.0, 0.0, 0.0, 0.0, 0.0, 0.0, 0.0, 0.0, 0.0, 0.0]",scheduled_hold
2021-01-05,129,False,"[0.0, 0.0, 0.0, 0.0, 0.0, 0.0, 0.0, 0.0, 0.0, 0.0, 0.0, 0.0, 0.0, 0.0, 0.0, 0.0, 0.0, 0.0, 0.0, 0.0, 0.0, 0.0, 0.0, 0.0, 0.0, 0.0, 0.0, 0.0]",scheduled_hold
2021-01-06,130,True,"[-0.5905137658119202, 0.11820819228887558, -0.6032583713531494, 1.0, 0.6823349595069885, -1.0, -1.0, -0.38624855875968933, -0.1758391559123993, 0.5446493029594421, 1.0, 0.9234320521354675, -0.02280285209417343, -1.0, 1.0, -0.5771989226341248, -1.0, 1.0, 0.3462176024913788, -1.0, -1.0, 1.0, -0.017776411026716232, 1.0, 0.15419632196426392, -0.929511547088623, -1.0, -0.8560805320739746]",model_decision
2021-01-07,131,False,"[0.0, 0.0, 0.0, 0.0, 0.0, 0.0, 0.0, 0.0, 0.0, 0.0, 0.0, 0.0, 0.0, 0.0, 0.0, 0.0, 0.0, 0.0, 0.0, 0.0, 0.0, 0.0, 0.0, 0.0, 0.0, 0.0, 0.0, 0.0]",scheduled_hold
2021-01-08,132,False,"[0.0, 0.0, 0.0, 0.0, 0.0, 0.0, 0.0, 0.0, 0.0, 0.0, 0.0, 0.0, 0.0, 0.0, 0.0, 0.0, 0.0, 0.0, 0.0, 0.0, 0.0, 0.0, 0.0, 0.0, 0.0, 0.0, 0.0, 0.0]",scheduled_hold
2021-01-11,133,False,"[0.0, 0.0, 0.0, 0.0, 0.0, 0.0, 0.0, 0.0, 0.0, 0.0, 0.0, 0.0, 0.0, 0.0, 0.0, 0.0, 0.0, 0.0, 0.0, 0.0, 0.0, 0.0, 0.0, 0.0, 0.0, 0.0, 0.0, 0.0]",scheduled_hold
2021-01-12,134,False,"[0.0, 0.0, 0.0, 0.0, 0.0, 0.0, 0.0, 0.0, 0.0, 0.0, 0.0, 0.0, 0.0, 0.0, 0.0, 0.0, 0.0, 0.0, 0.0, 0.0, 0.0, 0.0, 0.0, 0.0, 0.0, 0.0, 0.0, 0.0]",scheduled_hold
2021-01-13,135,True,"[-0.6956345438957214, -0.05223768204450607, -0.5167703628540039, 1.0, 0.924731433391571, -1.0, -1.0, -0.7408257126808167, -0.06875482201576233, 0.4964025616645813, 1.0, 1.0, 0.1103094220161438, -1.0, 1.0, -0.6295271515846252, -1.0, 1.0, 0.3029070496559143, -1.0, -1.0, 1.0, 0.15688468515872955, 1.0, -0.12645941972732544, -1.0, -1.0, -0.6681616902351379]",model_decision
2021-01-14,136,False,"[0.0, 0.0, 0.0, 0.0, 0.0, 0.0, 0.0, 0.0, 0.0, 0.0, 0.0, 0.0, 0.0, 0.0, 0.0, 0.0, 0.0, 0.0, 0.0, 0.0, 0.0, 0.0, 0.0, 0.0, 0.0, 0.0, 0.0, 0.0]",scheduled_hold
2021-01-15,137,False,"[0.0, 0.0, 0.0, 0.0, 0.0, 0.0, 0.0, 0.0, 0.0, 0.0, 0.0, 0.0, 0.0, 0.0, 0.0, 0.0, 0.0, 0.0, 0.0, 0.0, 0.0, 0.0, 0.0, 0.0, 0.0, 0.0, 0.0, 0.0]",scheduled_hold
2021-01-19,138,False,"[0.0, 0.0, 0.0, 0.0, 0.0, 0.0, 0.0, 0.0, 0.0, 0.0, 0.0, 0.0, 0.0, 0.0, 0.0, 0.0, 0.0, 0.0, 0.0, 0.0, 0.0, 0.0, 0.0, 0.0, 0.0, 0.0, 0.0, 0.0]",scheduled_hold
2021-01-20,139,False,"[0.0, 0.0, 0.0, 0.0, 0.0, 0.0, 0.0, 0.0, 0.0, 0.0, 0.0, 0.0, 0.0, 0.0, 0.0, 0.0, 0.0, 0.0, 0.0, 0.0, 0.0, 0.0, 0.0, 0.0, 0.0, 0.0, 0.0, 0.0]",scheduled_hold
2021-01-21,140,True,"[-0.6619735360145569, -0.11910609155893326, -0.6509823799133301, 1.0, 0.8020344376564026, -1.0, -1.0, -0.6187146306037903, -0.10315811634063721, 0.4589904546737671, 1.0, 1.0, 0.13987895846366882, -1.0, 1.0, -0.723253071308136, -1.0, 1.0, 0.31110289692878723, -1.0, -1.0, 1.0, 0.333050400018692, 1.0, -0.3111177086830139, -1.0, -1.0, -0.5241694450378418]",model_decision
2021-01-22,141,False,"[0.0, 0.0, 0.0, 0.0, 0.0, 0.0, 0.0, 0.0, 0.0, 0.0, 0.0, 0.0, 0.0, 0.0, 0.0, 0.0, 0.0, 0.0, 0.0, 0.0, 0.0, 0.0, 0.0, 0.0, 0.0, 0.0, 0.0, 0.0]",scheduled_hold
2021-01-25,142,False,"[0.0, 0.0, 0.0, 0.0, 0.0, 0.0, 0.0, 0.0, 0.0, 0.0, 0.0, 0.0, 0.0, 0.0, 0.0, 0.0, 0.0, 0.0, 0.0, 0.0, 0.0, 0.0, 0.0, 0.0, 0.0, 0.0, 0.0, 0.0]",scheduled_hold
2021-01-26,143,False,"[0.0, 0.0, 0.0, 0.0, 0.0, 0.0, 0.0, 0.0, 0.0, 0.0, 0.0, 0.0, 0.0, 0.0, 0.0, 0.0, 0.0, 0.0, 0.0, 0.0, 0.0, 0.0, 0.0, 0.0, 0.0, 0.0, 0.0, 0.0]",scheduled_hold
2021-01-27,144,False,"[0.0, 0.0, 0.0, 0.0, 0.0, 0.0, 0.0, 0.0, 0.0, 0.0, 0.0, 0.0, 0.0, 0.0, 0.0, 0.0, 0.0, 0.0, 0.0, 0.0, 0.0, 0.0, 0.0, 0.0, 0.0, 0.0, 0.0, 0.0]",scheduled_hold
2021-01-28,145,True,"[-0.8889559507369995, 0.042168788611888885, -0.6225755214691162, 1.0, 0.9976302981376648, -1.0, -1.0, -0.6779006123542786, -0.15165257453918457, 0.35540300607681274, 1.0, 1.0, 0.10383197665214539, -1.0, 1.0, -0.5927918553352356, -1.0, 1.0, 0.247866690158844, -1.0, -1.0, 1.0, 0.2714141607284546, 1.0, -0.1160832941532135, -1.0, -1.0, -0.6772774457931519]",model_decision
2021-01-29,146,False,"[0.0, 0.0, 0.0, 0.0, 0.0, 0.0, 0.0, 0.0, 0.0, 0.0, 0.0, 0.0, 0.0, 0.0, 0.0, 0.0, 0.0, 0.0, 0.0, 0.0, 0.0, 0.0, 0.0, 0.0, 0.0, 0.0, 0.0, 0.0]",scheduled_hold
2021-02-01,147,False,"[0.0, 0.0, 0.0, 0.0, 0.0, 0.0, 0.0, 0.0, 0.0, 0.0, 0.0, 0.0, 0.0, 0.0, 0.0, 0.0, 0.0, 0.0, 0.0, 0.0, 0.0, 0.0, 0.0, 0.0, 0.0, 0.0, 0.0, 0.0]",scheduled_hold
2021-02-02,148,False,"[0.0, 0.0, 0.0, 0.0, 0.0, 0.0, 0.0, 0.0, 0.0, 0.0, 0.0, 0.0, 0.0, 0.0, 0.0, 0.0, 0.0, 0.0, 0.0, 0.0, 0.0, 0.0, 0.0, 0.0, 0.0, 0.0, 0.0, 0.0]",scheduled_hold
2021-02-03,149,False,"[0.0, 0.0, 0.0, 0.0, 0.0, 0.0, 0.0, 0.0, 0.0, 0.0, 0.0, 0.0, 0.0, 0.0, 0.0, 0.0, 0.0, 0.0, 0.0, 0.0, 0.0, 0.0, 0.0, 0.0, 0.0, 0.0, 0.0, 0.0]",scheduled_hold
2021-02-04,150,True,"[-0.7241626977920532, -0.017362629994750023, -0.5442508459091187, 1.0, 0.8334167003631592, -1.0, -1.0, -0.7356587648391724, -0.036161571741104126, 0.43351906538009644, 1.0, 1.0, 0.11530111730098724, -1.0, 1.0, -0.6668495535850525, -1.0, 1.0, 0.29802411794662476, -1.0, -1.0, 1.0, 0.2054642289876938, 1.0, -0.2660232484340668, -1.0, -1.0, -0.5470000505447388]",model_decision
2021-02-05,151,False,"[0.0, 0.0, 0.0, 0.0, 0.0, 0.0, 0.0, 0.0, 0.0, 0.0, 0.0, 0.0, 0.0, 0.0, 0.0, 0.0, 0.0, 0.0, 0.0, 0.0, 0.0, 0.0, 0.0, 0.0, 0.0, 0.0, 0.0, 0.0]",scheduled_hold
2021-02-08,152,False,"[0.0, 0.0, 0.0, 0.0, 0.0, 0.0, 0.0, 0.0, 0.0, 0.0, 0.0, 0.0, 0.0, 0.0, 0.0, 0.0, 0.0, 0.0, 0.0, 0.0, 0.0, 0.0, 0.0, 0.0, 0.0, 0.0, 0.0, 0.0]",scheduled_hold
2021-02-09,153,False,"[0.0, 0.0, 0.0, 0.0, 0.0, 0.0, 0.0, 0.0, 0.0, 0.0, 0.0, 0.0, 0.0, 0.0, 0.0, 0.0, 0.0, 0.0, 0.0, 0.0, 0.0, 0.0, 0.0, 0.0, 0.0, 0.0, 0.0, 0.0]",scheduled_hold
2021-02-10,154,False,"[0.0, 0.0, 0.0, 0.0, 0.0, 0.0, 0.0, 0.0, 0.0, 0.0, 0.0, 0.0, 0.0, 0.0, 0.0, 0.0, 0.0, 0.0, 0.0, 0.0, 0.0, 0.0, 0.0, 0.0, 0.0, 0.0, 0.0, 0.0]",scheduled_hold
2021-02-11,155,True,"[-0.6803215742111206, -0.09059395641088486, -0.5834149122238159, 1.0, 0.5834225416183472, -1.0, -1.0, -0.6986015439033508, -0.03127967193722725, 0.3209267258644104, 0.77470463514328, 0.9509682059288025, 0.11413925141096115, -1.0, 1.0, -0.5073387026786804, -1.0, 0.9742577075958252, 0.3006276488304138, -1.0, -1.0, 1.0, 0.44571518898010254, 1.0, -0.6536633968353271, -1.0, -1.0, 0.0058963485062122345]",model_decision
2021-02-12,156,False,"[0.0, 0.0, 0.0, 0.0, 0.0, 0.0, 0.0, 0.0, 0.0, 0.0, 0.0, 0.0, 0.0, 0.0, 0.0, 0.0, 0.0, 0.0, 0.0, 0.0, 0.0, 0.0, 0.0, 0.0, 0.0, 0.0, 0.0, 0.0]",scheduled_hold
2021-02-16,157,False,"[0.0, 0.0, 0.0, 0.0, 0.0, 0.0, 0.0, 0.0, 0.0, 0.0, 0.0, 0.0, 0.0, 0.0, 0.0, 0.0, 0.0, 0.0, 0.0, 0.0, 0.0, 0.0, 0.0, 0.0, 0.0, 0.0, 0.0, 0.0]",scheduled_hold
2021-02-17,158,False,"[0.0, 0.0, 0.0, 0.0, 0.0, 0.0, 0.0, 0.0, 0.0, 0.0, 0.0, 0.0, 0.0, 0.0, 0.0, 0.0, 0.0, 0.0, 0.0, 0.0, 0.0, 0.0, 0.0, 0.0, 0.0, 0.0, 0.0, 0.0]",scheduled_hold
2021-02-18,159,False,"[0.0, 0.0, 0.0, 0.0, 0.0, 0.0, 0.0, 0.0, 0.0, 0.0, 0.0, 0.0, 0.0, 0.0, 0.0, 0.0, 0.0, 0.0, 0.0, 0.0, 0.0, 0.0, 0.0, 0.0, 0.0, 0.0, 0.0, 0.0]",scheduled_hold
2021-02-19,160,True,"[-0.7516451478004456, 0.09380034357309341, -0.625197172164917, 1.0, 0.5319320559501648, -1.0, -1.0, -0.4453665316104889, -0.07813657075166702, 0.3158704340457916, 0.9986916184425354, 0.8716661930084229, -0.050287917256355286, -1.0, 1.0, -0.4183226227760315, -1.0, 1.0, 0.34746190905570984, -1.0, -1.0, 1.0, 0.12972013652324677, 1.0, -0.1499430239200592, -1.0, -1.0, -0.43794912099838257]",model_decision
2021-02-22,161,False,"[0.0, 0.0, 0.0, 0.0, 0.0, 0.0, 0.0, 0.0, 0.0, 0.0, 0.0, 0.0, 0.0, 0.0, 0.0, 0.0, 0.0, 0.0, 0.0, 0.0, 0.0, 0.0, 0.0, 0.0, 0.0, 0.0, 0.0, 0.0]",scheduled_hold
2021-02-23,162,False,"[0.0, 0.0, 0.0, 0.0, 0.0, 0.0, 0.0, 0.0, 0.0, 0.0, 0.0, 0.0, 0.0, 0.0, 0.0, 0.0, 0.0, 0.0, 0.0, 0.0, 0.0, 0.0, 0.0, 0.0, 0.0, 0.0, 0.0, 0.0]",scheduled_hold
2021-02-24,163,False,"[0.0, 0.0, 0.0, 0.0, 0.0, 0.0, 0.0, 0.0, 0.0, 0.0, 0.0, 0.0, 0.0, 0.0, 0.0, 0.0, 0.0, 0.0, 0.0, 0.0, 0.0, 0.0, 0.0, 0.0, 0.0, 0.0, 0.0, 0.0]",scheduled_hold
2021-02-25,164,False,"[0.0, 0.0, 0.0, 0.0, 0.0, 0.0, 0.0, 0.0, 0.0, 0.0, 0.0, 0.0, 0.0, 0.0, 0.0, 0.0, 0.0, 0.0, 0.0, 0.0, 0.0, 0.0, 0.0, 0.0, 0.0, 0.0, 0.0, 0.0]",scheduled_hold
2021-02-26,165,True,"[-0.7658018469810486, -0.10204149782657623, -0.7280875444412231, 1.0, 0.7260485291481018, -1.0, -1.0, -0.6390727162361145, -0.05216300114989281, 0.34140053391456604, 1.0, 1.0, 0.14770309627056122, -1.0, 1.0, -0.7102911472320557, -1.0, 1.0, 0.29451093077659607, -1.0, -1.0, 1.0, 0.3158422112464905, 1.0, -0.3882336914539337, -1.0, -1.0, -0.43240347504615784]",model_decision
2021-03-01,166,False,"[0.0, 0.0, 0.0, 0.0, 0.0, 0.0, 0.0, 0.0, 0.0, 0.0, 0.0, 0.0, 0.0, 0.0, 0.0, 0.0, 0.0, 0.0, 0.0, 0.0, 0.0, 0.0, 0.0, 0.0, 0.0, 0.0, 0.0, 0.0]",scheduled_hold
2021-03-02,167,False,"[0.0, 0.0, 0.0, 0.0, 0.0, 0.0, 0.0, 0.0, 0.0, 0.0, 0.0, 0.0, 0.0, 0.0, 0.0, 0.0, 0.0, 0.0, 0.0, 0.0, 0.0, 0.0, 0.0, 0.0, 0.0, 0.0, 0.0, 0.0]",scheduled_hold
2021-03-03,168,False,"[0.0, 0.0, 0.0, 0.0, 0.0, 0.0, 0.0, 0.0, 0.0, 0.0, 0.0, 0.0, 0.0, 0.0, 0.0, 0.0, 0.0, 0.0, 0.0, 0.0, 0.0, 0.0, 0.0, 0.0, 0.0, 0.0, 0.0, 0.0]",scheduled_hold
2021-03-04,169,False,"[0.0, 0.0, 0.0, 0.0, 0.0, 0.0, 0.0, 0.0, 0.0, 0.0, 0.0, 0.0, 0.0, 0.0, 0.0, 0.0, 0.0, 0.0, 0.0, 0.0, 0.0, 0.0, 0.0, 0.0, 0.0, 0.0, 0.0, 0.0]",scheduled_hold
2021-03-05,170,True,"[-0.7735278010368347, 0.04841374605894089, -0.6770377159118652, 1.0, 0.6533383727073669, -1.0, -1.0, -0.4935046434402466, -0.0735291838645935, 0.39574599266052246, 1.0, 0.9047515988349915, 0.007186919450759888, -1.0, 1.0, -0.5376313328742981, -1.0, 1.0, 0.29655930399894714, -1.0, -1.0, 1.0, 0.014620650559663773, 1.0, 0.004566255025565624, -1.0, -1.0, -0.6441367864608765]",model_decision
2021-03-08,171,False,"[0.0, 0.0, 0.0, 0.0, 0.0, 0.0, 0.0, 0.0, 0.0, 0.0, 0.0, 0.0, 0.0, 0.0, 0.0, 0.0, 0.0, 0.0, 0.0, 0.0, 0.0, 0.0, 0.0, 0.0, 0.0, 0.0, 0.0, 0.0]",scheduled_hold
2021-03-09,172,False,"[0.0, 0.0, 0.0, 0.0, 0.0, 0.0, 0.0, 0.0, 0.0, 0.0, 0.0, 0.0, 0.0, 0.0, 0.0, 0.0, 0.0, 0.0, 0.0, 0.0, 0.0, 0.0, 0.0, 0.0, 0.0, 0.0, 0.0, 0.0]",scheduled_hold
2021-03-10,173,False,"[0.0, 0.0, 0.0, 0.0, 0.0, 0.0, 0.0, 0.0, 0.0, 0.0, 0.0, 0.0, 0.0, 0.0, 0.0, 0.0, 0.0, 0.0, 0.0, 0.0, 0.0, 0.0, 0.0, 0.0, 0.0, 0.0, 0.0, 0.0]",scheduled_hold
2021-03-11,174,False,"[0.0, 0.0, 0.0, 0.0, 0.0, 0.0, 0.0, 0.0, 0.0, 0.0, 0.0, 0.0, 0.0, 0.0, 0.0, 0.0, 0.0, 0.0, 0.0, 0.0, 0.0, 0.0, 0.0, 0.0, 0.0, 0.0, 0.0, 0.0]",scheduled_hold
2021-03-12,175,True,"[-0.7171582579612732, 0.14697347581386566, -0.5391619205474854, 1.0, 0.609688937664032, -1.0, -1.0, -0.39855965971946716, -0.12675532698631287, 0.23580840229988098, 1.0, 0.8328238129615784, -0.08602936565876007, -1.0, 1.0, -0.32274970412254333, -1.0, 1.0, 0.40715545415878296, -1.0, -1.0, 1.0, 0.08540110290050507, 1.0, 0.05677587166428566, -1.0, -1.0, -0.6051671504974365]",model_decision
2021-03-15,176,False,"[0.0, 0.0, 0.0, 0.0, 0.0, 0.0, 0.0, 0.0, 0.0, 0.0, 0.0, 0.0, 0.0, 0.0, 0.0, 0.0, 0.0, 0.0, 0.0, 0.0, 0.0, 0.0, 0.0, 0.0, 0.0, 0.0, 0.0, 0.0]",scheduled_hold
2021-03-16,177,False,"[0.0, 0.0, 0.0, 0.0, 0.0, 0.0, 0.0, 0.0, 0.0, 0.0, 0.0, 0.0, 0.0, 0.0, 0.0, 0.0, 0.0, 0.0, 0.0, 0.0, 0.0, 0.0, 0.0, 0.0, 0.0, 0.0, 0.0, 0.0]",scheduled_hold
2021-03-17,178,False,"[0.0, 0.0, 0.0, 0.0, 0.0, 0.0, 0.0, 0.0, 0.0, 0.0, 0.0, 0.0, 0.0, 0.0, 0.0, 0.0, 0.0, 0.0, 0.0, 0.0, 0.0, 0.0, 0.0, 0.0, 0.0, 0.0, 0.0, 0.0]",scheduled_hold
2021-03-18,179,False,"[0.0, 0.0, 0.0, 0.0, 0.0, 0.0, 0.0, 0.0, 0.0, 0.0, 0.0, 0.0, 0.0, 0.0, 0.0, 0.0, 0.0, 0.0, 0.0, 0.0, 0.0, 0.0, 0.0, 0.0, 0.0, 0.0, 0.0, 0.0]",scheduled_hold
2021-03-19,180,True,"[-0.9295586943626404, 0.04364195466041565, -0.7386873960494995, 1.0, 0.7821942567825317, -1.0, -1.0, -0.4041358530521393, -0.12952721118927002, 0.34372615814208984, 1.0, 0.9684517979621887, -0.04375786334276199, -1.0, 1.0, -0.435339093208313, -1.0, 1.0, 0.3075389266014099, -1.0, -1.0, 1.0, 0.0246824212372303, 1.0, 0.29116639494895935, -1.0, -1.0, -0.9222514033317566]",model_decision
2021-03-22,181,False,"[0.0, 0.0, 0.0, 0.0, 0.0, 0.0, 0.0, 0.0, 0.0, 0.0, 0.0, 0.0, 0.0, 0.0, 0.0, 0.0, 0.0, 0.0, 0.0, 0.0, 0.0, 0.0, 0.0, 0.0, 0.0, 0.0, 0.0, 0.0]",scheduled_hold
2021-03-23,182,False,"[0.0, 0.0, 0.0, 0.0, 0.0, 0.0, 0.0, 0.0, 0.0, 0.0, 0.0, 0.0, 0.0, 0.0, 0.0, 0.0, 0.0, 0.0, 0.0, 0.0, 0.0, 0.0, 0.0, 0.0, 0.0, 0.0, 0.0, 0.0]",scheduled_hold
2021-03-24,183,False,"[0.0, 0.0, 0.0, 0.0, 0.0, 0.0, 0.0, 0.0, 0.0, 0.0, 0.0, 0.0, 0.0, 0.0, 0.0, 0.0, 0.0, 0.0, 0.0, 0.0, 0.0, 0.0, 0.0, 0.0, 0.0, 0.0, 0.0, 0.0]",scheduled_hold
2021-03-25,184,False,"[0.0, 0.0, 0.0, 0.0, 0.0, 0.0, 0.0, 0.0, 0.0, 0.0, 0.0, 0.0, 0.0, 0.0, 0.0, 0.0, 0.0, 0.0, 0.0, 0.0, 0.0, 0.0, 0.0, 0.0, 0.0, 0.0, 0.0, 0.0]",scheduled_hold
2021-03-26,185,True,"[-0.9300592541694641, 0.04723592847585678, -0.7339761257171631, 1.0, 0.776974081993103, -1.0, -1.0, -0.3989892899990082, -0.13008886575698853, 0.33872658014297485, 1.0, 0.9691144824028015, -0.05058015137910843, -1.0, 1.0, -0.4279817044734955, -1.0, 1.0, 0.3127652108669281, -1.0, -1.0, 1.0, 0.03144298866391182, 1.0, 0.2846110463142395, -1.0, -1.0, -0.9108688235282898]",model_decision
2021-03-29,186,False,"[0.0, 0.0, 0.0, 0.0, 0.0, 0.0, 0.0, 0.0, 0.0, 0.0, 0.0, 0.0, 0.0, 0.0, 0.0, 0.0, 0.0, 0.0, 0.0, 0.0, 0.0, 0.0, 0.0, 0.0, 0.0, 0.0, 0.0, 0.0]",scheduled_hold
2021-03-30,187,False,"[0.0, 0.0, 0.0, 0.0, 0.0, 0.0, 0.0, 0.0, 0.0, 0.0, 0.0, 0.0, 0.0, 0.0, 0.0, 0.0, 0.0, 0.0, 0.0, 0.0, 0.0, 0.0, 0.0, 0.0, 0.0, 0.0, 0.0, 0.0]",scheduled_hold
2021-03-31,188,False,"[0.0, 0.0, 0.0, 0.0, 0.0, 0.0, 0.0, 0.0, 0.0, 0.0, 0.0, 0.0, 0.0, 0.0, 0.0, 0.0, 0.0, 0.0, 0.0, 0.0, 0.0, 0.0, 0.0, 0.0, 0.0, 0.0, 0.0, 0.0]",scheduled_hold
2021-04-01,189,False,"[0.0, 0.0, 0.0, 0.0, 0.0, 0.0, 0.0, 0.0, 0.0, 0.0, 0.0, 0.0, 0.0, 0.0, 0.0, 0.0, 0.0, 0.0, 0.0, 0.0, 0.0, 0.0, 0.0, 0.0, 0.0, 0.0, 0.0, 0.0]",scheduled_hold
2021-04-05,190,True,"[-0.8550345301628113, -0.028193702921271324, -0.7501187324523926, 1.0, 0.7073337435722351, -1.0, -1.0, -0.415415495634079, -0.17256654798984528, 0.435327410697937, 1.0, 0.9454972743988037, -0.054965391755104065, -1.0, 1.0, -0.42598411440849304, -1.0, 1.0, 0.26682162284851074, -1.0, -1.0, 1.0, -0.07117961347103119, 1.0, 0.5138697028160095, -1.0, -1.0, -1.0]",model_decision
2021-04-06,191,False,"[0.0, 0.0, 0.0, 0.0, 0.0, 0.0, 0.0, 0.0, 0.0, 0.0, 0.0, 0.0, 0.0, 0.0, 0.0, 0.0, 0.0, 0.0, 0.0, 0.0, 0.0, 0.0, 0.0, 0.0, 0.0, 0.0, 0.0, 0.0]",scheduled_hold
2021-04-07,192,False,"[0.0, 0.0, 0.0, 0.0, 0.0, 0.0, 0.0, 0.0, 0.0, 0.0, 0.0, 0.0, 0.0, 0.0, 0.0, 0.0, 0.0, 0.0, 0.0, 0.0, 0.0, 0.0, 0.0, 0.0, 0.0, 0.0, 0.0, 0.0]",scheduled_hold
2021-04-08,193,False,"[0.0, 0.0, 0.0, 0.0, 0.0, 0.0, 0.0, 0.0, 0.0, 0.0, 0.0, 0.0, 0.0, 0.0, 0.0, 0.0, 0.0, 0.0, 0.0, 0.0, 0.0, 0.0, 0.0, 0.0, 0.0, 0.0, 0.0, 0.0]",scheduled_hold
2021-04-09,194,False,"[0.0, 0.0, 0.0, 0.0, 0.0, 0.0, 0.0, 0.0, 0.0, 0.0, 0.0, 0.0, 0.0, 0.0, 0.0, 0.0, 0.0, 0.0, 0.0, 0.0, 0.0, 0.0, 0.0, 0.0, 0.0, 0.0, 0.0, 0.0]",scheduled_hold
2021-04-12,195,True,"[-0.8550345301628113, -0.028193702921271324, -0.7501187324523926, 1.0, 0.7073337435722351, -1.0, -1.0, -0.415415495634079, -0.17256654798984528, 0.435327410697937, 1.0, 0.9454972743988037, -0.054965391755104065, -1.0, 1.0, -0.42598411440849304, -1.0, 1.0, 0.26682162284851074, -1.0, -1.0, 1.0, -0.07117961347103119, 1.0, 0.5138697028160095, -1.0, -1.0, -1.0]",model_decision
2021-04-13,196,False,"[0.0, 0.0, 0.0, 0.0, 0.0, 0.0, 0.0, 0.0, 0.0, 0.0, 0.0, 0.0, 0.0, 0.0, 0.0, 0.0, 0.0, 0.0, 0.0, 0.0, 0.0, 0.0, 0.0, 0.0, 0.0, 0.0, 0.0, 0.0]",scheduled_hold
2021-04-14,197,False,"[0.0, 0.0, 0.0, 0.0, 0.0, 0.0, 0.0, 0.0, 0.0, 0.0, 0.0, 0.0, 0.0, 0.0, 0.0, 0.0, 0.0, 0.0, 0.0, 0.0, 0.0, 0.0, 0.0, 0.0, 0.0, 0.0, 0.0, 0.0]",scheduled_hold
2021-04-15,198,False,"[0.0, 0.0, 0.0, 0.0, 0.0, 0.0, 0.0, 0.0, 0.0, 0.0, 0.0, 0.0, 0.0, 0.0, 0.0, 0.0, 0.0, 0.0, 0.0, 0.0, 0.0, 0.0, 0.0, 0.0, 0.0, 0.0, 0.0, 0.0]",scheduled_hold
2021-04-16,199,False,"[0.0, 0.0, 0.0, 0.0, 0.0, 0.0, 0.0, 0.0, 0.0, 0.0, 0.0, 0.0, 0.0, 0.0, 0.0, 0.0, 0.0, 0.0, 0.0, 0.0, 0.0, 0.0, 0.0, 0.0, 0.0, 0.0, 0.0, 0.0]",scheduled_hold
2021-04-19,200,True,"[-0.8060426115989685, 0.1346658617258072, -0.6491832733154297, 1.0, 0.7799291014671326, -1.0, -1.0, -0.35802122950553894, -0.26197806000709534, 0.5296077728271484, 1.0, 0.8826289772987366, -0.15735524892807007, -1.0, 1.0, -0.3637017607688904, -1.0, 1.0, 0.2683635354042053, -1.0, -1.0, 1.0, -0.3211255967617035, 1.0, 0.8195759654045105, -0.9822998046875, -1.0, -1.0]",model_decision
2021-04-20,201,False,"[0.0, 0.0, 0.0, 0.0, 0.0, 0.0, 0.0, 0.0, 0.0, 0.0, 0.0, 0.0, 0.0, 0.0, 0.0, 0.0, 0.0, 0.0, 0.0, 0.0, 0.0, 0.0, 0.0, 0.0, 0.0, 0.0, 0.0, 0.0]",scheduled_hold
2021-04-21,202,False,"[0.0, 0.0, 0.0, 0.0, 0.0, 0.0, 0.0, 0.0, 0.0, 0.0, 0.0, 0.0, 0.0, 0.0, 0.0, 0.0, 0.0, 0.0, 0.0, 0.0, 0.0, 0.0, 0.0, 0.0, 0.0, 0.0, 0.0, 0.0]",scheduled_hold
2021-04-22,203,False,"[0.0, 0.0, 0.0, 0.0, 0.0, 0.0, 0.0, 0.0, 0.0, 0.0, 0.0, 0.0, 0.0, 0.0, 0.0, 0.0, 0.0, 0.0, 0.0, 0.0, 0.0, 0.0, 0.0, 0.0, 0.0, 0.0, 0.0, 0.0]",scheduled_hold
2021-04-23,204,False,"[0.0, 0.0, 0.0, 0.0, 0.0, 0.0, 0.0, 0.0, 0.0, 0.0, 0.0, 0.0, 0.0, 0.0, 0.0, 0.0, 0.0, 0.0, 0.0, 0.0, 0.0, 0.0, 0.0, 0.0, 0.0, 0.0, 0.0, 0.0]",scheduled_hold
2021-04-26,205,True,"[-0.9012628197669983, 0.21789135038852692, -0.6553038358688354, 1.0, 0.9975640177726746, -1.0, -1.0, -0.4311096966266632, -0.22639334201812744, 0.4262802004814148, 1.0, 1.0, -0.03671969473361969, -1.0, 1.0, -0.28215569257736206, -1.0, 1.0, 0.22933265566825867, -1.0, -1.0, 1.0, -0.14422978460788727, 1.0, 0.5252344012260437, -0.91218101978302, -1.0, -1.0]",model_decision
2021-04-27,206,False,"[0.0, 0.0, 0.0, 0.0, 0.0, 0.0, 0.0, 0.0, 0.0, 0.0, 0.0, 0.0, 0.0, 0.0, 0.0, 0.0, 0.0, 0.0, 0.0, 0.0, 0.0, 0.0, 0.0, 0.0, 0.0, 0.0, 0.0, 0.0]",scheduled_hold
2021-04-28,207,False,"[0.0, 0.0, 0.0, 0.0, 0.0, 0.0, 0.0, 0.0, 0.0, 0.0, 0.0, 0.0, 0.0, 0.0, 0.0, 0.0, 0.0, 0.0, 0.0, 0.0, 0.0, 0.0, 0.0, 0.0, 0.0, 0.0, 0.0, 0.0]",scheduled_hold
2021-04-29,208,False,"[0.0, 0.0, 0.0, 0.0, 0.0, 0.0, 0.0, 0.0, 0.0, 0.0, 0.0, 0.0, 0.0, 0.0, 0.0, 0.0, 0.0, 0.0, 0.0, 0.0, 0.0, 0.0, 0.0, 0.0, 0.0, 0.0, 0.0, 0.0]",scheduled_hold
2021-04-30,209,False,"[0.0, 0.0, 0.0, 0.0, 0.0, 0.0, 0.0, 0.0, 0.0, 0.0, 0.0, 0.0, 0.0, 0.0, 0.0, 0.0, 0.0, 0.0, 0.0, 0.0, 0.0, 0.0, 0.0, 0.0, 0.0, 0.0, 0.0, 0.0]",scheduled_hold
2021-05-03,210,True,"[-0.9242277145385742, -0.12917038798332214, -0.7512780427932739, 1.0, 0.7121953964233398, -1.0, -1.0, -0.6159946322441101, -0.04481491073966026, 0.2931458353996277, 1.0, 1.0, 0.13369113206863403, -1.0, 1.0, -0.6285997033119202, -1.0, 1.0, 0.2627577483654022, -1.0, -1.0, 1.0, 0.4072106182575226, 1.0, -0.44036099314689636, -1.0, -1.0, -0.3254585862159729]",model_decision
2021-05-04,211,False,"[0.0, 0.0, 0.0, 0.0, 0.0, 0.0, 0.0, 0.0, 0.0, 0.0, 0.0, 0.0, 0.0, 0.0, 0.0, 0.0, 0.0, 0.0, 0.0, 0.0, 0.0, 0.0, 0.0, 0.0, 0.0, 0.0, 0.0, 0.0]",scheduled_hold
2021-05-05,212,False,"[0.0, 0.0, 0.0, 0.0, 0.0, 0.0, 0.0, 0.0, 0.0, 0.0, 0.0, 0.0, 0.0, 0.0, 0.0, 0.0, 0.0, 0.0, 0.0, 0.0, 0.0, 0.0, 0.0, 0.0, 0.0, 0.0, 0.0, 0.0]",scheduled_hold
2021-05-06,213,False,"[0.0, 0.0, 0.0, 0.0, 0.0, 0.0, 0.0, 0.0, 0.0, 0.0, 0.0, 0.0, 0.0, 0.0, 0.0, 0.0, 0.0, 0.0, 0.0, 0.0, 0.0, 0.0, 0.0, 0.0, 0.0, 0.0, 0.0, 0.0]",scheduled_hold
2021-05-07,214,False,"[0.0, 0.0, 0.0, 0.0, 0.0, 0.0, 0.0, 0.0, 0.0, 0.0, 0.0, 0.0, 0.0, 0.0, 0.0, 0.0, 0.0, 0.0, 0.0, 0.0, 0.0, 0.0, 0.0, 0.0, 0.0, 0.0, 0.0, 0.0]",scheduled_hold
2021-05-10,215,True,"[-0.7780647873878479, -0.03328937292098999, -0.7530955076217651, 1.0, 0.561846911907196, -1.0, -1.0, -0.2706892490386963, -0.09243783354759216, 0.3945571184158325, 0.9920389652252197, 1.0, -0.04322589933872223, -1.0, 1.0, -0.4931427240371704, -1.0, 1.0, 0.3850739598274231, -1.0, -1.0, 1.0, 0.40005674958229065, 1.0, -0.23713302612304688, -1.0, -1.0, -0.3611871898174286]",model_decision
2021-05-11,216,False,"[0.0, 0.0, 0.0, 0.0, 0.0, 0.0, 0.0, 0.0, 0.0, 0.0, 0.0, 0.0, 0.0, 0.0, 0.0, 0.0, 0.0, 0.0, 0.0, 0.0, 0.0, 0.0, 0.0, 0.0, 0.0, 0.0, 0.0, 0.0]",scheduled_hold
2021-05-12,217,False,"[0.0, 0.0, 0.0, 0.0, 0.0, 0.0, 0.0, 0.0, 0.0, 0.0, 0.0, 0.0, 0.0, 0.0, 0.0, 0.0, 0.0, 0.0, 0.0, 0.0, 0.0, 0.0, 0.0, 0.0, 0.0, 0.0, 0.0, 0.0]",scheduled_hold
2021-05-13,218,False,"[0.0, 0.0, 0.0, 0.0, 0.0, 0.0, 0.0, 0.0, 0.0, 0.0, 0.0, 0.0, 0.0, 0.0, 0.0, 0.0, 0.0, 0.0, 0.0, 0.0, 0.0, 0.0, 0.0, 0.0, 0.0, 0.0, 0.0, 0.0]",scheduled_hold
2021-05-14,219,False,"[0.0, 0.0, 0.0, 0.0, 0.0, 0.0, 0.0, 0.0, 0.0, 0.0, 0.0, 0.0, 0.0, 0.0, 0.0, 0.0, 0.0, 0.0, 0.0, 0.0, 0.0, 0.0, 0.0, 0.0, 0.0, 0.0, 0.0, 0.0]",scheduled_hold
2021-05-17,220,True,"[-0.7735278010368347, 0.04841374605894089, -0.6770377159118652, 1.0, 0.6533383727073669, -1.0, -1.0, -0.4935046434402466, -0.0735291838645935, 0.39574599266052246, 1.0, 0.9047515988349915, 0.007186919450759888, -1.0, 1.0, -0.5376313328742981, -1.0, 1.0, 0.29655930399894714, -1.0, -1.0, 1.0, 0.014620650559663773, 1.0, 0.004566255025565624, -1.0, -1.0, -0.6441367864608765]",model_decision
2021-05-18,221,False,"[0.0, 0.0, 0.0, 0.0, 0.0, 0.0, 0.0, 0.0, 0.0, 0.0, 0.0, 0.0, 0.0, 0.0, 0.0, 0.0, 0.0, 0.0, 0.0, 0.0, 0.0, 0.0, 0.0, 0.0, 0.0, 0.0, 0.0, 0.0]",scheduled_hold
2021-05-19,222,False,"[0.0, 0.0, 0.0, 0.0, 0.0, 0.0, 0.0, 0.0, 0.0, 0.0, 0.0, 0.0, 0.0, 0.0, 0.0, 0.0, 0.0, 0.0, 0.0, 0.0, 0.0, 0.0, 0.0, 0.0, 0.0, 0.0, 0.0, 0.0]",scheduled_hold
2021-05-20,223,False,"[0.0, 0.0, 0.0, 0.0, 0.0, 0.0, 0.0, 0.0, 0.0, 0.0, 0.0, 0.0, 0.0, 0.0, 0.0, 0.0, 0.0, 0.0, 0.0, 0.0, 0.0, 0.0, 0.0, 0.0, 0.0, 0.0, 0.0, 0.0]",scheduled_hold
2021-05-21,224,False,"[0.0, 0.0, 0.0, 0.0, 0.0, 0.0, 0.0, 0.0, 0.0, 0.0, 0.0, 0.0, 0.0, 0.0, 0.0, 0.0, 0.0, 0.0, 0.0, 0.0, 0.0, 0.0, 0.0, 0.0, 0.0, 0.0, 0.0, 0.0]",scheduled_hold
2021-05-24,225,True,"[-0.738635241985321, 0.17280375957489014, -0.5964969992637634, 1.0, 0.8325594067573547, -1.0, -1.0, -0.5190784335136414, -0.15821422636508942, 0.4191230833530426, 1.0, 0.9738498330116272, 0.032978713512420654, -1.0, 1.0, -0.4342743158340454, -1.0, 1.0, 0.25369003415107727, -1.0, -1.0, 1.0, -0.10365766286849976, 1.0, 0.17845728993415833, -0.8617126941680908, -1.0, -0.8276536464691162]",model_decision
2021-05-25,226,False,"[0.0, 0.0, 0.0, 0.0, 0.0, 0.0, 0.0, 0.0, 0.0, 0.0, 0.0, 0.0, 0.0, 0.0, 0.0, 0.0, 0.0, 0.0, 0.0, 0.0, 0.0, 0.0, 0.0, 0.0, 0.0, 0.0, 0.0, 0.0]",scheduled_hold
2021-05-26,227,False,"[0.0, 0.0, 0.0, 0.0, 0.0, 0.0, 0.0, 0.0, 0.0, 0.0, 0.0, 0.0, 0.0, 0.0, 0.0, 0.0, 0.0, 0.0, 0.0, 0.0, 0.0, 0.0, 0.0, 0.0, 0.0, 0.0, 0.0, 0.0]",scheduled_hold
2021-05-27,228,False,"[0.0, 0.0, 0.0, 0.0, 0.0, 0.0, 0.0, 0.0, 0.0, 0.0, 0.0, 0.0, 0.0, 0.0, 0.0, 0.0, 0.0, 0.0, 0.0, 0.0, 0.0, 0.0, 0.0, 0.0, 0.0, 0.0, 0.0, 0.0]",scheduled_hold
2021-05-28,229,False,"[0.0, 0.0, 0.0, 0.0, 0.0, 0.0, 0.0, 0.0, 0.0, 0.0, 0.0, 0.0, 0.0, 0.0, 0.0, 0.0, 0.0, 0.0, 0.0, 0.0, 0.0, 0.0, 0.0, 0.0, 0.0, 0.0, 0.0, 0.0]",scheduled_hold
2021-06-01,230,True,"[-0.7516451478004456, 0.09380034357309341, -0.625197172164917, 1.0, 0.5319320559501648, -1.0, -1.0, -0.4453665316104889, -0.07813657075166702, 0.3158704340457916, 0.9986916184425354, 0.8716661930084229, -0.050287917256355286, -1.0, 1.0, -0.4183226227760315, -1.0, 1.0, 0.34746190905570984, -1.0, -1.0, 1.0, 0.12972013652324677, 1.0, -0.1499430239200592, -1.0, -1.0, -0.43794912099838257]",model_decision
2021-06-02,231,False,"[0.0, 0.0, 0.0, 0.0, 0.0, 0.0, 0.0, 0.0, 0.0, 0.0, 0.0, 0.0, 0.0, 0.0, 0.0, 0.0, 0.0, 0.0, 0.0, 0.0, 0.0, 0.0, 0.0, 0.0, 0.0, 0.0, 0.0, 0.0]",scheduled_hold
2021-06-03,232,False,"[0.0, 0.0, 0.0, 0.0, 0.0, 0.0, 0.0, 0.0, 0.0, 0.0, 0.0, 0.0, 0.0, 0.0, 0.0, 0.0, 0.0, 0.0, 0.0, 0.0, 0.0, 0.0, 0.0, 0.0, 0.0, 0.0, 0.0, 0.0]",scheduled_hold
2021-06-04,233,False,"[0.0, 0.0, 0.0, 0.0, 0.0, 0.0, 0.0, 0.0, 0.0, 0.0, 0.0, 0.0, 0.0, 0.0, 0.0, 0.0, 0.0, 0.0, 0.0, 0.0, 0.0, 0.0, 0.0, 0.0, 0.0, 0.0, 0.0, 0.0]",scheduled_hold
2021-06-07,234,False,"[0.0, 0.0, 0.0, 0.0, 0.0, 0.0, 0.0, 0.0, 0.0, 0.0, 0.0, 0.0, 0.0, 0.0, 0.0, 0.0, 0.0, 0.0, 0.0, 0.0, 0.0, 0.0, 0.0, 0.0, 0.0, 0.0, 0.0, 0.0]",scheduled_hold
2021-06-08,235,True,"[-0.7619791030883789, 0.0853060707449913, -0.6490198969841003, 1.0, 0.6954492330551147, -1.0, -1.0, -0.43583646416664124, -0.1039665937423706, 0.3341481387615204, 1.0, 0.8873980045318604, -0.0017021745443344116, -1.0, 1.0, -0.4753643274307251, -1.0, 1.0, 0.35168153047561646, -1.0, -1.0, 1.0, -0.03943068906664848, 1.0, 0.20345619320869446, -1.0, -1.0, -0.8425920009613037]",model_decision
2021-06-09,236,False,"[0.0, 0.0, 0.0, 0.0, 0.0, 0.0, 0.0, 0.0, 0.0, 0.0, 0.0, 0.0, 0.0, 0.0, 0.0, 0.0, 0.0, 0.0, 0.0, 0.0, 0.0, 0.0, 0.0, 0.0, 0.0, 0.0, 0.0, 0.0]",scheduled_hold
2021-06-10,237,False,"[0.0, 0.0, 0.0, 0.0, 0.0, 0.0, 0.0, 0.0, 0.0, 0.0, 0.0, 0.0, 0.0, 0.0, 0.0, 0.0, 0.0, 0.0, 0.0, 0.0, 0.0, 0.0, 0.0, 0.0, 0.0, 0.0, 0.0, 0.0]",scheduled_hold
2021-06-11,238,False,"[0.0, 0.0, 0.0, 0.0, 0.0, 0.0, 0.0, 0.0, 0.0, 0.0, 0.0, 0.0, 0.0, 0.0, 0.0, 0.0, 0.0, 0.0, 0.0, 0.0, 0.0, 0.0, 0.0, 0.0, 0.0, 0.0, 0.0, 0.0]",scheduled_hold
2021-06-14,239,False,"[0.0, 0.0, 0.0, 0.0, 0.0, 0.0, 0.0, 0.0, 0.0, 0.0, 0.0, 0.0, 0.0, 0.0, 0.0, 0.0, 0.0, 0.0, 0.0, 0.0, 0.0, 0.0, 0.0, 0.0, 0.0, 0.0, 0.0, 0.0]",scheduled_hold
2021-06-15,240,True,"[-0.9092671275138855, -0.07451088726520538, -0.8210626840591431, 1.0, 0.8704535365104675, -1.0, -1.0, -0.5620046854019165, -0.12485906481742859, 0.3892586827278137, 1.0, 1.0, 0.16764329373836517, -1.0, 1.0, -0.6243070960044861, -1.0, 1.0, 0.2438267171382904, -1.0, -1.0, 1.0, 0.2372584193944931, 1.0, -0.07407653331756592, -1.0, -1.0, -0.8083041310310364]",model_decision
2021-06-16,241,False,"[0.0, 0.0, 0.0, 0.0, 0.0, 0.0, 0.0, 0.0, 0.0, 0.0, 0.0, 0.0, 0.0, 0.0, 0.0, 0.0, 0.0, 0.0, 0.0, 0.0, 0.0, 0.0, 0.0, 0.0, 0.0, 0.0, 0.0, 0.0]",scheduled_hold
2021-06-17,242,False,"[0.0, 0.0, 0.0, 0.0, 0.0, 0.0, 0.0, 0.0, 0.0, 0.0, 0.0, 0.0, 0.0, 0.0, 0.0, 0.0, 0.0, 0.0, 0.0, 0.0, 0.0, 0.0, 0.0, 0.0, 0.0, 0.0, 0.0, 0.0]",scheduled_hold
2021-06-18,243,False,"[0.0, 0.0, 0.0, 0.0, 0.0, 0.0, 0.0, 0.0, 0.0, 0.0, 0.0, 0.0, 0.0, 0.0, 0.0, 0.0, 0.0, 0.0, 0.0, 0.0, 0.0, 0.0, 0.0, 0.0, 0.0, 0.0, 0.0, 0.0]",scheduled_hold
2021-06-21,244,False,"[0.0, 0.0, 0.0, 0.0, 0.0, 0.0, 0.0, 0.0, 0.0, 0.0, 0.0, 0.0, 0.0, 0.0, 0.0, 0.0, 0.0, 0.0, 0.0, 0.0, 0.0, 0.0, 0.0, 0.0, 0.0, 0.0, 0.0, 0.0]",scheduled_hold
2021-06-22,245,True,"[-0.8192360401153564, -0.004917962476611137, -0.6223291158676147, 1.0, 0.9837290644645691, -1.0, -1.0, -0.647710382938385, -0.10223309695720673, 0.4843330979347229, 1.0, 1.0, 0.12088654935359955, -1.0, 1.0, -0.5737532377243042, -1.0, 1.0, 0.267007976770401, -1.0, -1.0, 1.0, 0.13797904551029205, 1.0, 0.05029452219605446, -1.0, -1.0, -0.8690013885498047]",model_decision
2021-06-23,246,False,"[0.0, 0.0, 0.0, 0.0, 0.0, 0.0, 0.0, 0.0, 0.0, 0.0, 0.0, 0.0, 0.0, 0.0, 0.0, 0.0, 0.0, 0.0, 0.0, 0.0, 0.0, 0.0, 0.0, 0.0, 0.0, 0.0, 0.0, 0.0]",scheduled_hold
2021-06-24,247,False,"[0.0, 0.0, 0.0, 0.0, 0.0, 0.0, 0.0, 0.0, 0.0, 0.0, 0.0, 0.0, 0.0, 0.0, 0.0, 0.0, 0.0, 0.0, 0.0, 0.0, 0.0, 0.0, 0.0, 0.0, 0.0, 0.0, 0.0, 0.0]",scheduled_hold
2021-06-25,248,False,"[0.0, 0.0, 0.0, 0.0, 0.0, 0.0, 0.0, 0.0, 0.0, 0.0, 0.0, 0.0, 0.0, 0.0, 0.0, 0.0, 0.0, 0.0, 0.0, 0.0, 0.0, 0.0, 0.0, 0.0, 0.0, 0.0, 0.0, 0.0]",scheduled_hold
2021-06-28,249,False,"[0.0, 0.0, 0.0, 0.0, 0.0, 0.0, 0.0, 0.0, 0.0, 0.0, 0.0, 0.0, 0.0, 0.0, 0.0, 0.0, 0.0, 0.0, 0.0, 0.0, 0.0, 0.0, 0.0, 0.0, 0.0, 0.0, 0.0, 0.0]",scheduled_hold
2021-06-29,250,True,"[-0.8298694491386414, 0.16682672500610352, -0.6051974296569824, 1.0, 1.0, -1.0, -1.0, -0.6385970115661621, -0.24198779463768005, 0.5531933307647705, 1.0, 1.0, 0.10512398183345795, -1.0, 1.0, -0.4490213394165039, -1.0, 1.0, 0.1709183156490326, -1.0, -1.0, 1.0, -0.021012675017118454, 1.0, 0.3497913181781769, -1.0, -1.0, -1.0]",model_decision
2021-06-30,251,False,"[0.0, 0.0, 0.0, 0.0, 0.0, 0.0, 0.0, 0.0, 0.0, 0.0, 0.0, 0.0, 0.0, 0.0, 0.0, 0.0, 0.0, 0.0, 0.0, 0.0, 0.0, 0.0, 0.0, 0.0, 0.0, 0.0, 0.0, 0.0]",scheduled_hold
2021-07-01,252,False,"[0.0, 0.0, 0.0, 0.0, 0.0, 0.0, 0.0, 0.0, 0.0, 0.0, 0.0, 0.0, 0.0, 0.0, 0.0, 0.0, 0.0, 0.0, 0.0, 0.0, 0.0, 0.0, 0.0, 0.0, 0.0, 0.0, 0.0, 0.0]",scheduled_hold
2021-07-02,253,False,"[0.0, 0.0, 0.0, 0.0, 0.0, 0.0, 0.0, 0.0, 0.0, 0.0, 0.0, 0.0, 0.0, 0.0, 0.0, 0.0, 0.0, 0.0, 0.0, 0.0, 0.0, 0.0, 0.0, 0.0, 0.0, 0.0, 0.0, 0.0]",scheduled_hold
2021-07-06,254,False,"[0.0, 0.0, 0.0, 0.0, 0.0, 0.0, 0.0, 0.0, 0.0, 0.0, 0.0, 0.0, 0.0, 0.0, 0.0, 0.0, 0.0, 0.0, 0.0, 0.0, 0.0, 0.0, 0.0, 0.0, 0.0, 0.0, 0.0, 0.0]",scheduled_hold
2021-07-07,255,True,"[-1.0, 0.3435472846031189, -0.6813005208969116, 1.0, 1.0, -1.0, -1.0, -0.4486580193042755, -0.29956623911857605, 0.5242468118667603, 1.0, 0.9120981097221375, -0.21707279980182648, -1.0, 1.0, -0.20989936590194702, -1.0, 1.0, 0.1094571128487587, -1.0, -1.0, 1.0, -0.5499618649482727, 1.0, 1.0, -0.7259601354598999, -1.0, -1.0]",model_decision
2021-07-08,256,False,"[0.0, 0.0, 0.0, 0.0, 0.0, 0.0, 0.0, 0.0, 0.0, 0.0, 0.0, 0.0, 0.0, 0.0, 0.0, 0.0, 0.0, 0.0, 0.0, 0.0, 0.0, 0.0, 0.0, 0.0, 0.0, 0.0, 0.0, 0.0]",scheduled_hold
2021-07-09,257,False,"[0.0, 0.0, 0.0, 0.0, 0.0, 0.0, 0.0, 0.0, 0.0, 0.0, 0.0, 0.0, 0.0, 0.0, 0.0, 0.0, 0.0, 0.0, 0.0, 0.0, 0.0, 0.0, 0.0, 0.0, 0.0, 0.0, 0.0, 0.0]",scheduled_hold
2021-07-12,258,False,"[0.0, 0.0, 0.0, 0.0, 0.0, 0.0, 0.0, 0.0, 0.0, 0.0, 0.0, 0.0, 0.0, 0.0, 0.0, 0.0, 0.0, 0.0, 0.0, 0.0, 0.0, 0.0, 0.0, 0.0, 0.0, 0.0, 0.0, 0.0]",scheduled_hold
2021-07-13,259,False,"[0.0, 0.0, 0.0, 0.0, 0.0, 0.0, 0.0, 0.0, 0.0, 0.0, 0.0, 0.0, 0.0, 0.0, 0.0, 0.0, 0.0, 0.0, 0.0, 0.0, 0.0, 0.0, 0.0, 0.0, 0.0, 0.0, 0.0, 0.0]",scheduled_hold
2021-07-14,260,True,"[-1.0, 0.26858389377593994, -0.5630435943603516, 1.0, 1.0, -1.0, -1.0, -0.5507600903511047, -0.24744662642478943, 0.3145846724510193, 1.0, 0.8921231627464294, -0.08718852698802948, -1.0, 1.0, -0.06394369155168533, -1.0, 1.0, 0.20468592643737793, -1.0, -1.0, 1.0, -0.4364950358867645, 1.0, 1.0, -0.9664889574050903, -0.9708099961280823, -1.0]",model_decision
2021-07-15,261,False,"[0.0, 0.0, 0.0, 0.0, 0.0, 0.0, 0.0, 0.0, 0.0, 0.0, 0.0, 0.0, 0.0, 0.0, 0.0, 0.0, 0.0, 0.0, 0.0, 0.0, 0.0, 0.0, 0.0, 0.0, 0.0, 0.0, 0.0, 0.0]",scheduled_hold
2021-07-16,262,False,"[0.0, 0.0, 0.0, 0.0, 0.0, 0.0, 0.0, 0.0, 0.0, 0.0, 0.0, 0.0, 0.0, 0.0, 0.0, 0.0, 0.0, 0.0, 0.0, 0.0, 0.0, 0.0, 0.0, 0.0, 0.0, 0.0, 0.0, 0.0]",scheduled_hold
2021-07-19,263,False,"[0.0, 0.0, 0.0, 0.0, 0.0, 0.0, 0.0, 0.0, 0.0, 0.0, 0.0, 0.0, 0.0, 0.0, 0.0, 0.0, 0.0, 0.0, 0.0, 0.0, 0.0, 0.0, 0.0, 0.0, 0.0, 0.0, 0.0, 0.0]",scheduled_hold
2021-07-20,264,False,"[0.0, 0.0, 0.0, 0.0, 0.0, 0.0, 0.0, 0.0, 0.0, 0.0, 0.0, 0.0, 0.0, 0.0, 0.0, 0.0, 0.0, 0.0, 0.0, 0.0, 0.0, 0.0, 0.0, 0.0, 0.0, 0.0, 0.0, 0.0]",scheduled_hold
2021-07-21,265,True,"[-1.0, -0.009363656863570213, -0.8517902493476868, 1.0, 1.0, -1.0, -1.0, -0.6286025047302246, -0.1306120753288269, 0.26816290616989136, 1.0, 1.0, 0.2897002100944519, -1.0, 1.0, -0.4025905728340149, -1.0, 1.0, 0.17187100648880005, -1.0, -1.0, 1.0, 0.2651180326938629, 1.0, -0.04810195788741112, -1.0, -1.0, -0.7394192218780518]",model_decision
2021-07-22,266,False,"[0.0, 0.0, 0.0, 0.0, 0.0, 0.0, 0.0, 0.0, 0.0, 0.0, 0.0, 0.0, 0.0, 0.0, 0.0, 0.0, 0.0, 0.0, 0.0, 0.0, 0.0, 0.0, 0.0, 0.0, 0.0, 0.0, 0.0, 0.0]",scheduled_hold
2021-07-23,267,False,"[0.0, 0.0, 0.0, 0.0, 0.0, 0.0, 0.0, 0.0, 0.0, 0.0, 0.0, 0.0, 0.0, 0.0, 0.0, 0.0, 0.0, 0.0, 0.0, 0.0, 0.0, 0.0, 0.0, 0.0, 0.0, 0.0, 0.0, 0.0]",scheduled_hold
2021-07-26,268,False,"[0.0, 0.0, 0.0, 0.0, 0.0, 0.0, 0.0, 0.0, 0.0, 0.0, 0.0, 0.0, 0.0, 0.0, 0.0, 0.0, 0.0, 0.0, 0.0, 0.0, 0.0, 0.0, 0.0, 0.0, 0.0, 0.0, 0.0, 0.0]",scheduled_hold
2021-07-27,269,False,"[0.0, 0.0, 0.0, 0.0, 0.0, 0.0, 0.0, 0.0, 0.0, 0.0, 0.0, 0.0, 0.0, 0.0, 0.0, 0.0, 0.0, 0.0, 0.0, 0.0, 0.0, 0.0, 0.0, 0.0, 0.0, 0.0, 0.0, 0.0]",scheduled_hold
2021-07-28,270,True,"[-0.8651365041732788, 0.04584521800279617, -0.6741067171096802, 1.0, 0.9510432481765747, -1.0, -1.0, -0.6447697281837463, -0.17123177647590637, 0.3639688491821289, 1.0, 1.0, 0.1854546070098877, -1.0, 1.0, -0.4480447769165039, -1.0, 1.0, 0.19564759731292725, -1.0, -1.0, 1.0, 0.22940881550312042, 1.0, -0.16745434701442719, -1.0, -1.0, -0.6433045864105225]",model_decision
2021-07-29,271,False,"[0.0, 0.0, 0.0, 0.0, 0.0, 0.0, 0.0, 0.0, 0.0, 0.0, 0.0, 0.0, 0.0, 0.0, 0.0, 0.0, 0.0, 0.0, 0.0, 0.0, 0.0, 0.0, 0.0, 0.0, 0.0, 0.0, 0.0, 0.0]",scheduled_hold
2021-07-30,272,False,"[0.0, 0.0, 0.0, 0.0, 0.0, 0.0, 0.0, 0.0, 0.0, 0.0, 0.0, 0.0, 0.0, 0.0, 0.0, 0.0, 0.0, 0.0, 0.0, 0.0, 0.0, 0.0, 0.0, 0.0, 0.0, 0.0, 0.0, 0.0]",scheduled_hold
2021-08-02,273,False,"[0.0, 0.0, 0.0, 0.0, 0.0, 0.0, 0.0, 0.0, 0.0, 0.0, 0.0, 0.0, 0.0, 0.0, 0.0, 0.0, 0.0, 0.0, 0.0, 0.0, 0.0, 0.0, 0.0, 0.0, 0.0, 0.0, 0.0, 0.0]",scheduled_hold
2021-08-03,274,False,"[0.0, 0.0, 0.0, 0.0, 0.0, 0.0, 0.0, 0.0, 0.0, 0.0, 0.0, 0.0, 0.0, 0.0, 0.0, 0.0, 0.0, 0.0, 0.0, 0.0, 0.0, 0.0, 0.0, 0.0, 0.0, 0.0, 0.0, 0.0]",scheduled_hold
2021-08-04,275,True,"[-1.0, -0.0028738584369421005, -0.7842782139778137, 1.0, 0.7370801568031311, -1.0, -1.0, -0.5964378118515015, -0.09367865324020386, 0.19186949729919434, 1.0, 0.9707465171813965, 0.03201937675476074, -1.0, 1.0, -0.4162229299545288, -1.0, 1.0, 0.2652829885482788, -1.0, -1.0, 1.0, 0.360549658536911, 1.0, -0.22280003130435944, -1.0, -1.0, -0.32264286279678345]",model_decision
2021-08-05,276,False,"[0.0, 0.0, 0.0, 0.0, 0.0, 0.0, 0.0, 0.0, 0.0, 0.0, 0.0, 0.0, 0.0, 0.0, 0.0, 0.0, 0.0, 0.0, 0.0, 0.0, 0.0, 0.0, 0.0, 0.0, 0.0, 0.0, 0.0, 0.0]",scheduled_hold
2021-08-06,277,False,"[0.0, 0.0, 0.0, 0.0, 0.0, 0.0, 0.0, 0.0, 0.0, 0.0, 0.0, 0.0, 0.0, 0.0, 0.0, 0.0, 0.0, 0.0, 0.0, 0.0, 0.0, 0.0, 0.0, 0.0, 0.0, 0.0, 0.0, 0.0]",scheduled_hold
2021-08-09,278,False,"[0.0, 0.0, 0.0, 0.0, 0.0, 0.0, 0.0, 0.0, 0.0, 0.0, 0.0, 0.0, 0.0, 0.0, 0.0, 0.0, 0.0, 0.0, 0.0, 0.0, 0.0, 0.0, 0.0, 0.0, 0.0, 0.0, 0.0, 0.0]",scheduled_hold
2021-08-10,279,False,"[0.0, 0.0, 0.0, 0.0, 0.0, 0.0, 0.0, 0.0, 0.0, 0.0, 0.0, 0.0, 0.0, 0.0, 0.0, 0.0, 0.0, 0.0, 0.0, 0.0, 0.0, 0.0, 0.0, 0.0, 0.0, 0.0, 0.0, 0.0]",scheduled_hold
2021-08-11,280,True,"[-0.9239683151245117, -0.043454527854919434, -0.7187932729721069, 1.0, 0.5220064520835876, -1.0, -1.0, -0.5440647602081299, 0.011559535749256611, -0.12711554765701294, 1.0, 0.7334114909172058, -0.016604945063591003, -1.0, 1.0, -0.21069160103797913, -1.0, 1.0, 0.3792506754398346, -1.0, -1.0, 1.0, -0.05980445072054863, 1.0, 0.4737907350063324, -1.0, -0.863239049911499, -0.9305660724639893]",model_decision
2021-08-12,281,False,"[0.0, 0.0, 0.0, 0.0, 0.0, 0.0, 0.0, 0.0, 0.0, 0.0, 0.0, 0.0, 0.0, 0.0, 0.0, 0.0, 0.0, 0.0, 0.0, 0.0, 0.0, 0.0, 0.0, 0.0, 0.0, 0.0, 0.0, 0.0]",scheduled_hold
2021-08-13,282,False,"[0.0, 0.0, 0.0, 0.0, 0.0, 0.0, 0.0, 0.0, 0.0, 0.0, 0.0, 0.0, 0.0, 0.0, 0.0, 0.0, 0.0, 0.0, 0.0, 0.0, 0.0, 0.0, 0.0, 0.0, 0.0, 0.0, 0.0, 0.0]",scheduled_hold
2021-08-16,283,False,"[0.0, 0.0, 0.0, 0.0, 0.0, 0.0, 0.0, 0.0, 0.0, 0.0, 0.0, 0.0, 0.0, 0.0, 0.0, 0.0, 0.0, 0.0, 0.0, 0.0, 0.0, 0.0, 0.0, 0.0, 0.0, 0.0, 0.0, 0.0]",scheduled_hold
2021-08-17,284,False,"[0.0, 0.0, 0.0, 0.0, 0.0, 0.0, 0.0, 0.0, 0.0, 0.0, 0.0, 0.0, 0.0, 0.0, 0.0, 0.0, 0.0, 0.0, 0.0, 0.0, 0.0, 0.0, 0.0, 0.0, 0.0, 0.0, 0.0, 0.0]",scheduled_hold
2021-08-18,285,True,"[-0.9585699439048767, 0.279933363199234, -0.6724058389663696, 1.0, 0.9667171835899353, -1.0, -1.0, -0.39751309156417847, -0.27907446026802063, 0.37141743302345276, 1.0, 0.8732498288154602, -0.2010350376367569, -1.0, 1.0, -0.11803963035345078, -1.0, 1.0, 0.23351708054542542, -1.0, -1.0, 1.0, -0.3752470910549164, 1.0, 0.8483760952949524, -0.8190654516220093, -0.9572083353996277, -1.0]",model_decision
2021-08-19,286,False,"[0.0, 0.0, 0.0, 0.0, 0.0, 0.0, 0.0, 0.0, 0.0, 0.0, 0.0, 0.0, 0.0, 0.0, 0.0, 0.0, 0.0, 0.0, 0.0, 0.0, 0.0, 0.0, 0.0, 0.0, 0.0, 0.0, 0.0, 0.0]",scheduled_hold
2021-08-20,287,False,"[0.0, 0.0, 0.0, 0.0, 0.0, 0.0, 0.0, 0.0, 0.0, 0.0, 0.0, 0.0, 0.0, 0.0, 0.0, 0.0, 0.0, 0.0, 0.0, 0.0, 0.0, 0.0, 0.0, 0.0, 0.0, 0.0, 0.0, 0.0]",scheduled_hold
2021-08-23,288,False,"[0.0, 0.0, 0.0, 0.0, 0.0, 0.0, 0.0, 0.0, 0.0, 0.0, 0.0, 0.0, 0.0, 0.0, 0.0, 0.0, 0.0, 0.0, 0.0, 0.0, 0.0, 0.0, 0.0, 0.0, 0.0, 0.0, 0.0, 0.0]",scheduled_hold
2021-08-24,289,False,"[0.0, 0.0, 0.0, 0.0, 0.0, 0.0, 0.0, 0.0, 0.0, 0.0, 0.0, 0.0, 0.0, 0.0, 0.0, 0.0, 0.0, 0.0, 0.0, 0.0, 0.0, 0.0, 0.0, 0.0, 0.0, 0.0, 0.0, 0.0]",scheduled_hold
2021-08-25,290,True,"[-0.6557872891426086, 0.21483932435512543, -0.4647854268550873, 1.0, 0.7403330206871033, -1.0, -1.0, -0.4094422459602356, -0.2214142233133316, 0.40289679169654846, 1.0, 0.8261656761169434, -0.2178189903497696, -1.0, 1.0, -0.19548144936561584, -1.0, 1.0, 0.2732693552970886, -1.0, -1.0, 1.0, -0.4210823178291321, 1.0, 0.7852725982666016, -0.6749787330627441, -1.0, -1.0]",model_decision
2021-08-26,291,False,"[0.0, 0.0, 0.0, 0.0, 0.0, 0.0, 0.0, 0.0, 0.0, 0.0, 0.0, 0.0, 0.0, 0.0, 0.0, 0.0, 0.0, 0.0, 0.0, 0.0, 0.0, 0.0, 0.0, 0.0, 0.0, 0.0, 0.0, 0.0]",scheduled_hold
2021-08-27,292,False,"[0.0, 0.0, 0.0, 0.0, 0.0, 0.0, 0.0, 0.0, 0.0, 0.0, 0.0, 0.0, 0.0, 0.0, 0.0, 0.0, 0.0, 0.0, 0.0, 0.0, 0.0, 0.0, 0.0, 0.0, 0.0, 0.0, 0.0, 0.0]",scheduled_hold
2021-08-30,293,False,"[0.0, 0.0, 0.0, 0.0, 0.0, 0.0, 0.0, 0.0, 0.0, 0.0, 0.0, 0.0, 0.0, 0.0, 0.0, 0.0, 0.0, 0.0, 0.0, 0.0, 0.0, 0.0, 0.0, 0.0, 0.0, 0.0, 0.0, 0.0]",scheduled_hold
2021-08-31,294,False,"[0.0, 0.0, 0.0, 0.0, 0.0, 0.0, 0.0, 0.0, 0.0, 0.0, 0.0, 0.0, 0.0, 0.0, 0.0, 0.0, 0.0, 0.0, 0.0, 0.0, 0.0, 0.0, 0.0, 0.0, 0.0, 0.0, 0.0, 0.0]",scheduled_hold
2021-09-01,295,True,"[-0.7955730557441711, 0.0012978408485651016, -0.6144073009490967, 1.0, 0.7925412058830261, -1.0, -1.0, -0.5866565108299255, -0.16254685819149017, 0.2108607292175293, 1.0, 1.0, -0.0015501156449317932, -1.0, 1.0, -0.30156221985816956, -1.0, 1.0, 0.2742059826850891, -1.0, -1.0, 1.0, 0.24114951491355896, 1.0, -0.22363503277301788, -1.0, -1.0, -0.4111558794975281]",model_decision
2021-09-02,296,False,"[0.0, 0.0, 0.0, 0.0, 0.0, 0.0, 0.0, 0.0, 0.0, 0.0, 0.0, 0.0, 0.0, 0.0, 0.0, 0.0, 0.0, 0.0, 0.0, 0.0, 0.0, 0.0, 0.0, 0.0, 0.0, 0.0, 0.0, 0.0]",scheduled_hold
2021-09-03,297,False,"[0.0, 0.0, 0.0, 0.0, 0.0, 0.0, 0.0, 0.0, 0.0, 0.0, 0.0, 0.0, 0.0, 0.0, 0.0, 0.0, 0.0, 0.0, 0.0, 0.0, 0.0, 0.0, 0.0, 0.0, 0.0, 0.0, 0.0, 0.0]",scheduled_hold
2021-09-07,298,False,"[0.0, 0.0, 0.0, 0.0, 0.0, 0.0, 0.0, 0.0, 0.0, 0.0, 0.0, 0.0, 0.0, 0.0, 0.0, 0.0, 0.0, 0.0, 0.0, 0.0, 0.0, 0.0, 0.0, 0.0, 0.0, 0.0, 0.0, 0.0]",scheduled_hold
2021-09-08,299,False,"[0.0, 0.0, 0.0, 0.0, 0.0, 0.0, 0.0, 0.0, 0.0, 0.0, 0.0, 0.0, 0.0, 0.0, 0.0, 0.0, 0.0, 0.0, 0.0, 0.0, 0.0, 0.0, 0.0, 0.0, 0.0, 0.0, 0.0, 0.0]",scheduled_hold
2021-09-09,300,True,"[-0.9364696741104126, -0.07905115932226181, -0.7875921726226807, 1.0, 0.7495738863945007, -1.0, -1.0, -0.5493242144584656, -0.08354528248310089, 0.3279626965522766, 1.0, 1.0, 0.03813643753528595, -1.0, 1.0, -0.5771386623382568, -1.0, 1.0, 0.3113795518875122, -1.0, -1.0, 1.0, 0.4288804233074188, 1.0, -0.39415162801742554, -1.0, -1.0, -0.33931833505630493]",model_decision
2021-09-10,301,False,"[0.0, 0.0, 0.0, 0.0, 0.0, 0.0, 0.0, 0.0, 0.0, 0.0, 0.0, 0.0, 0.0, 0.0, 0.0, 0.0, 0.0, 0.0, 0.0, 0.0, 0.0, 0.0, 0.0, 0.0, 0.0, 0.0, 0.0, 0.0]",scheduled_hold
2021-09-13,302,False,"[0.0, 0.0, 0.0, 0.0, 0.0, 0.0, 0.0, 0.0, 0.0, 0.0, 0.0, 0.0, 0.0, 0.0, 0.0, 0.0, 0.0, 0.0, 0.0, 0.0, 0.0, 0.0, 0.0, 0.0, 0.0, 0.0, 0.0, 0.0]",scheduled_hold
2021-09-14,303,False,"[0.0, 0.0, 0.0, 0.0, 0.0, 0.0, 0.0, 0.0, 0.0, 0.0, 0.0, 0.0, 0.0, 0.0, 0.0, 0.0, 0.0, 0.0, 0.0, 0.0, 0.0, 0.0, 0.0, 0.0, 0.0, 0.0, 0.0, 0.0]",scheduled_hold
2021-09-15,304,False,"[0.0, 0.0, 0.0, 0.0, 0.0, 0.0, 0.0, 0.0, 0.0, 0.0, 0.0, 0.0, 0.0, 0.0, 0.0, 0.0, 0.0, 0.0, 0.0, 0.0, 0.0, 0.0, 0.0, 0.0, 0.0, 0.0, 0.0, 0.0]",scheduled_hold
2021-09-16,305,True,"[-0.8248327374458313, -0.005438840016722679, -0.8700809478759766, 1.0, 0.7534506320953369, -1.0, -1.0, -0.4986281096935272, -0.12870089709758759, 0.5867061018943787, 1.0, 1.0, 0.03835354745388031, -1.0, 1.0, -0.5186157822608948, -1.0, 1.0, 0.21013107895851135, -1.0, -1.0, 1.0, 0.2645111680030823, 1.0, -0.32794734835624695, -1.0, -1.0, -0.4081772565841675]",model_decision
2021-09-17,306,False,"[0.0, 0.0, 0.0, 0.0, 0.0, 0.0, 0.0, 0.0, 0.0, 0.0, 0.0, 0.0, 0.0, 0.0, 0.0, 0.0, 0.0, 0.0, 0.0, 0.0, 0.0, 0.0, 0.0, 0.0, 0.0, 0.0, 0.0, 0.0]",scheduled_hold
2021-09-20,307,False,"[0.0, 0.0, 0.0, 0.0, 0.0, 0.0, 0.0, 0.0, 0.0, 0.0, 0.0, 0.0, 0.0, 0.0, 0.0, 0.0, 0.0, 0.0, 0.0, 0.0, 0.0, 0.0, 0.0, 0.0, 0.0, 0.0, 0.0, 0.0]",scheduled_hold
2021-09-21,308,False,"[0.0, 0.0, 0.0, 0.0, 0.0, 0.0, 0.0, 0.0, 0.0, 0.0, 0.0, 0.0, 0.0, 0.0, 0.0, 0.0, 0.0, 0.0, 0.0, 0.0, 0.0, 0.0, 0.0, 0.0, 0.0, 0.0, 0.0, 0.0]",scheduled_hold
2021-09-22,309,False,"[0.0, 0.0, 0.0, 0.0, 0.0, 0.0, 0.0, 0.0, 0.0, 0.0, 0.0, 0.0, 0.0, 0.0, 0.0, 0.0, 0.0, 0.0, 0.0, 0.0, 0.0, 0.0, 0.0, 0.0, 0.0, 0.0, 0.0, 0.0]",scheduled_hold
2021-09-23,310,True,"[-0.6989842057228088, 0.3781890869140625, -0.5949053764343262, 1.0, 0.8007038235664368, -1.0, -1.0, -0.3144995868206024, -0.21702104806900024, 0.5803325176239014, 1.0, 0.938106119632721, -0.1857575625181198, -1.0, 1.0, -0.20648041367530823, -1.0, 1.0, 0.2767663598060608, -1.0, -1.0, 1.0, -0.2010200172662735, 1.0, 0.41892728209495544, -0.7189483642578125, -1.0, -0.9925800561904907]",model_decision
2021-09-24,311,False,"[0.0, 0.0, 0.0, 0.0, 0.0, 0.0, 0.0, 0.0, 0.0, 0.0, 0.0, 0.0, 0.0, 0.0, 0.0, 0.0, 0.0, 0.0, 0.0, 0.0, 0.0, 0.0, 0.0, 0.0, 0.0, 0.0, 0.0, 0.0]",scheduled_hold
2021-09-27,312,False,"[0.0, 0.0, 0.0, 0.0, 0.0, 0.0, 0.0, 0.0, 0.0, 0.0, 0.0, 0.0, 0.0, 0.0, 0.0, 0.0, 0.0, 0.0, 0.0, 0.0, 0.0, 0.0, 0.0, 0.0, 0.0, 0.0, 0.0, 0.0]",scheduled_hold
2021-09-28,313,False,"[0.0, 0.0, 0.0, 0.0, 0.0, 0.0, 0.0, 0.0, 0.0, 0.0, 0.0, 0.0, 0.0, 0.0, 0.0, 0.0, 0.0, 0.0, 0.0, 0.0, 0.0, 0.0, 0.0, 0.0, 0.0, 0.0, 0.0, 0.0]",scheduled_hold
2021-09-29,314,False,"[0.0, 0.0, 0.0, 0.0, 0.0, 0.0, 0.0, 0.0, 0.0, 0.0, 0.0, 0.0, 0.0, 0.0, 0.0, 0.0, 0.0, 0.0, 0.0, 0.0, 0.0, 0.0, 0.0, 0.0, 0.0, 0.0, 0.0, 0.0]",scheduled_hold
2021-09-30,315,True,"[-0.718508243560791, -0.035253167152404785, -0.816757082939148, 1.0, 0.7461185455322266, -1.0, -1.0, -0.6036174893379211, -0.11936931312084198, 0.5504946708679199, 1.0, 0.9894313216209412, 0.13447386026382446, -1.0, 1.0, -0.6280059218406677, -1.0, 1.0, 0.22452712059020996, -1.0, -1.0, 1.0, 0.12955275177955627, 1.0, -0.21796156466007233, -1.0, -1.0, -0.5691637396812439]",model_decision
2021-10-01,316,False,"[0.0, 0.0, 0.0, 0.0, 0.0, 0.0, 0.0, 0.0, 0.0, 0.0, 0.0, 0.0, 0.0, 0.0, 0.0, 0.0, 0.0, 0.0, 0.0, 0.0, 0.0, 0.0, 0.0, 0.0, 0.0, 0.0, 0.0, 0.0]",scheduled_hold
2021-10-04,317,False,"[0.0, 0.0, 0.0, 0.0, 0.0, 0.0, 0.0, 0.0, 0.0, 0.0, 0.0, 0.0, 0.0, 0.0, 0.0, 0.0, 0.0, 0.0, 0.0, 0.0, 0.0, 0.0, 0.0, 0.0, 0.0, 0.0, 0.0, 0.0]",scheduled_hold
2021-10-05,318,False,"[0.0, 0.0, 0.0, 0.0, 0.0, 0.0, 0.0, 0.0, 0.0, 0.0, 0.0, 0.0, 0.0, 0.0, 0.0, 0.0, 0.0, 0.0, 0.0, 0.0, 0.0, 0.0, 0.0, 0.0, 0.0, 0.0, 0.0, 0.0]",scheduled_hold
2021-10-06,319,False,"[0.0, 0.0, 0.0, 0.0, 0.0, 0.0, 0.0, 0.0, 0.0, 0.0, 0.0, 0.0, 0.0, 0.0, 0.0, 0.0, 0.0, 0.0, 0.0, 0.0, 0.0, 0.0, 0.0, 0.0, 0.0, 0.0, 0.0, 0.0]",scheduled_hold
2021-10-07,320,True,"[-0.6201754212379456, 0.35769394040107727, -0.6323401927947998, 1.0, 0.7562445998191833, -1.0, -1.0, -0.23809275031089783, -0.2345467209815979, 0.6454342603683472, 1.0, 0.8928771615028381, -0.12125320732593536, -1.0, 1.0, -0.287490576505661, -1.0, 1.0, 0.29987072944641113, -1.0, -1.0, 1.0, -0.21516911685466766, 1.0, 0.4373645782470703, -0.8113492727279663, -0.9921868443489075, -1.0]",model_decision
2021-10-08,321,False,"[0.0, 0.0, 0.0, 0.0, 0.0, 0.0, 0.0, 0.0, 0.0, 0.0, 0.0, 0.0, 0.0, 0.0, 0.0, 0.0, 0.0, 0.0, 0.0, 0.0, 0.0, 0.0, 0.0, 0.0, 0.0, 0.0, 0.0, 0.0]",scheduled_hold
2021-10-11,322,False,"[0.0, 0.0, 0.0, 0.0, 0.0, 0.0, 0.0, 0.0, 0.0, 0.0, 0.0, 0.0, 0.0, 0.0, 0.0, 0.0, 0.0, 0.0, 0.0, 0.0, 0.0, 0.0, 0.0, 0.0, 0.0, 0.0, 0.0, 0.0]",scheduled_hold
2021-10-12,323,False,"[0.0, 0.0, 0.0, 0.0, 0.0, 0.0, 0.0, 0.0, 0.0, 0.0, 0.0, 0.0, 0.0, 0.0, 0.0, 0.0, 0.0, 0.0, 0.0, 0.0, 0.0, 0.0, 0.0, 0.0, 0.0, 0.0, 0.0, 0.0]",scheduled_hold
2021-10-13,324,False,"[0.0, 0.0, 0.0, 0.0, 0.0, 0.0, 0.0, 0.0, 0.0, 0.0, 0.0, 0.0, 0.0, 0.0, 0.0, 0.0, 0.0, 0.0, 0.0, 0.0, 0.0, 0.0, 0.0, 0.0, 0.0, 0.0, 0.0, 0.0]",scheduled_hold
2021-10-14,325,True,"[-0.938475489616394, 0.23559655249118805, -0.6543227434158325, 1.0, 0.9207478761672974, -1.0, -1.0, -0.38757237792015076, -0.177032470703125, 0.38372355699539185, 1.0, 1.0, -0.15852586925029755, -1.0, 1.0, -0.2784844636917114, -1.0, 1.0, 0.3115784525871277, -1.0, -1.0, 1.0, -0.039714884012937546, 1.0, 0.42915916442871094, -0.9364949464797974, -1.0, -1.0]",model_decision
2021-10-15,326,False,"[0.0, 0.0, 0.0, 0.0, 0.0, 0.0, 0.0, 0.0, 0.0, 0.0, 0.0, 0.0, 0.0, 0.0, 0.0, 0.0, 0.0, 0.0, 0.0, 0.0, 0.0, 0.0, 0.0, 0.0, 0.0, 0.0, 0.0, 0.0]",scheduled_hold
2021-10-18,327,False,"[0.0, 0.0, 0.0, 0.0, 0.0, 0.0, 0.0, 0.0, 0.0, 0.0, 0.0, 0.0, 0.0, 0.0, 0.0, 0.0, 0.0, 0.0, 0.0, 0.0, 0.0, 0.0, 0.0, 0.0, 0.0, 0.0, 0.0, 0.0]",scheduled_hold
2021-10-19,328,False,"[0.0, 0.0, 0.0, 0.0, 0.0, 0.0, 0.0, 0.0, 0.0, 0.0, 0.0, 0.0, 0.0, 0.0, 0.0, 0.0, 0.0, 0.0, 0.0, 0.0, 0.0, 0.0, 0.0, 0.0, 0.0, 0.0, 0.0, 0.0]",scheduled_hold
2021-10-20,329,False,"[0.0, 0.0, 0.0, 0.0, 0.0, 0.0, 0.0, 0.0, 0.0, 0.0, 0.0, 0.0, 0.0, 0.0, 0.0, 0.0, 0.0, 0.0, 0.0, 0.0, 0.0, 0.0, 0.0, 0.0, 0.0, 0.0, 0.0, 0.0]",scheduled_hold
2021-10-21,330,True,"[-1.0, 0.19182005524635315, -0.7608386278152466, 1.0, 1.0, -1.0, -1.0, -0.4700949788093567, -0.1801452934741974, 0.33362090587615967, 1.0, 1.0, -0.14995355904102325, -1.0, 1.0, -0.214685320854187, -1.0, 1.0, 0.16780808568000793, -1.0, -1.0, 1.0, -0.20801271498203278, 1.0, 0.9231427311897278, -1.0, -1.0, -1.0]",model_decision
2021-10-22,331,False,"[0.0, 0.0, 0.0, 0.0, 0.0, 0.0, 0.0, 0.0, 0.0, 0.0, 0.0, 0.0, 0.0, 0.0, 0.0, 0.0, 0.0, 0.0, 0.0, 0.0, 0.0, 0.0, 0.0, 0.0, 0.0, 0.0, 0.0, 0.0]",scheduled_hold
2021-10-25,332,False,"[0.0, 0.0, 0.0, 0.0, 0.0, 0.0, 0.0, 0.0, 0.0, 0.0, 0.0, 0.0, 0.0, 0.0, 0.0, 0.0, 0.0, 0.0, 0.0, 0.0, 0.0, 0.0, 0.0, 0.0, 0.0, 0.0, 0.0, 0.0]",scheduled_hold
2021-10-26,333,False,"[0.0, 0.0, 0.0, 0.0, 0.0, 0.0, 0.0, 0.0, 0.0, 0.0, 0.0, 0.0, 0.0, 0.0, 0.0, 0.0, 0.0, 0.0, 0.0, 0.0, 0.0, 0.0, 0.0, 0.0, 0.0, 0.0, 0.0, 0.0]",scheduled_hold
2021-10-27,334,False,"[0.0, 0.0, 0.0, 0.0, 0.0, 0.0, 0.0, 0.0, 0.0, 0.0, 0.0, 0.0, 0.0, 0.0, 0.0, 0.0, 0.0, 0.0, 0.0, 0.0, 0.0, 0.0, 0.0, 0.0, 0.0, 0.0, 0.0, 0.0]",scheduled_hold
2021-10-28,335,True,"[-0.7205736041069031, 0.2663831114768982, -0.5425670742988586, 1.0, 0.8492655158042908, -1.0, -1.0, -0.3076167106628418, -0.2724060118198395, 0.5605815052986145, 1.0, 1.0, -0.17539942264556885, -1.0, 1.0, -0.2999383509159088, -1.0, 1.0, 0.2980160117149353, -1.0, -1.0, 1.0, 0.02827392891049385, 1.0, 0.28038209676742554, -0.8340485095977783, -1.0, -0.8528350591659546]",model_decision
2021-10-29,336,False,"[0.0, 0.0, 0.0, 0.0, 0.0, 0.0, 0.0, 0.0, 0.0, 0.0, 0.0, 0.0, 0.0, 0.0, 0.0, 0.0, 0.0, 0.0, 0.0, 0.0, 0.0, 0.0, 0.0, 0.0, 0.0, 0.0, 0.0, 0.0]",scheduled_hold
2021-11-01,337,False,"[0.0, 0.0, 0.0, 0.0, 0.0, 0.0, 0.0, 0.0, 0.0, 0.0, 0.0, 0.0, 0.0, 0.0, 0.0, 0.0, 0.0, 0.0, 0.0, 0.0, 0.0, 0.0, 0.0, 0.0, 0.0, 0.0, 0.0, 0.0]",scheduled_hold
2021-11-02,338,False,"[0.0, 0.0, 0.0, 0.0, 0.0, 0.0, 0.0, 0.0, 0.0, 0.0, 0.0, 0.0, 0.0, 0.0, 0.0, 0.0, 0.0, 0.0, 0.0, 0.0, 0.0, 0.0, 0.0, 0.0, 0.0, 0.0, 0.0, 0.0]",scheduled_hold
2021-11-03,339,False,"[0.0, 0.0, 0.0, 0.0, 0.0, 0.0, 0.0, 0.0, 0.0, 0.0, 0.0, 0.0, 0.0, 0.0, 0.0, 0.0, 0.0, 0.0, 0.0, 0.0, 0.0, 0.0, 0.0, 0.0, 0.0, 0.0, 0.0, 0.0]",scheduled_hold
2021-11-04,340,True,"[-0.7468844056129456, 0.07870227843523026, -0.6973267197608948, 1.0, 0.7354443669319153, -1.0, -1.0, -0.3077147603034973, -0.1539188027381897, 0.42493700981140137, 1.0, 1.0, -0.039391860365867615, -1.0, 1.0, -0.3525241017341614, -1.0, 1.0, 0.31428560614585876, -1.0, -1.0, 1.0, 0.29580408334732056, 1.0, -0.0360548235476017, -1.0, -1.0, -0.5623818039894104]",model_decision
2021-11-05,341,False,"[0.0, 0.0, 0.0, 0.0, 0.0, 0.0, 0.0, 0.0, 0.0, 0.0, 0.0, 0.0, 0.0, 0.0, 0.0, 0.0, 0.0, 0.0, 0.0, 0.0, 0.0, 0.0, 0.0, 0.0, 0.0, 0.0, 0.0, 0.0]",scheduled_hold
2021-11-08,342,False,"[0.0, 0.0, 0.0, 0.0, 0.0, 0.0, 0.0, 0.0, 0.0, 0.0, 0.0, 0.0, 0.0, 0.0, 0.0, 0.0, 0.0, 0.0, 0.0, 0.0, 0.0, 0.0, 0.0, 0.0, 0.0, 0.0, 0.0, 0.0]",scheduled_hold
2021-11-09,343,False,"[0.0, 0.0, 0.0, 0.0, 0.0, 0.0, 0.0, 0.0, 0.0, 0.0, 0.0, 0.0, 0.0, 0.0, 0.0, 0.0, 0.0, 0.0, 0.0, 0.0, 0.0, 0.0, 0.0, 0.0, 0.0, 0.0, 0.0, 0.0]",scheduled_hold
2021-11-10,344,False,"[0.0, 0.0, 0.0, 0.0, 0.0, 0.0, 0.0, 0.0, 0.0, 0.0, 0.0, 0.0, 0.0, 0.0, 0.0, 0.0, 0.0, 0.0, 0.0, 0.0, 0.0, 0.0, 0.0, 0.0, 0.0, 0.0, 0.0, 0.0]",scheduled_hold
2021-11-11,345,True,"[-0.7628768086433411, 0.15423355996608734, -0.6314551830291748, 1.0, 0.9260686039924622, -1.0, -1.0, -0.41884204745292664, -0.2683657109737396, 0.5984479784965515, 1.0, 1.0, -0.04461418092250824, -1.0, 1.0, -0.46656906604766846, -1.0, 1.0, 0.22153085470199585, -1.0, -1.0, 1.0, -0.03338180109858513, 1.0, 0.2654380798339844, -0.9089360237121582, -1.0, -0.9441362023353577]",model_decision
2021-11-12,346,False,"[0.0, 0.0, 0.0, 0.0, 0.0, 0.0, 0.0, 0.0, 0.0, 0.0, 0.0, 0.0, 0.0, 0.0, 0.0, 0.0, 0.0, 0.0, 0.0, 0.0, 0.0, 0.0, 0.0, 0.0, 0.0, 0.0, 0.0, 0.0]",scheduled_hold
2021-11-15,347,False,"[0.0, 0.0, 0.0, 0.0, 0.0, 0.0, 0.0, 0.0, 0.0, 0.0, 0.0, 0.0, 0.0, 0.0, 0.0, 0.0, 0.0, 0.0, 0.0, 0.0, 0.0, 0.0, 0.0, 0.0, 0.0, 0.0, 0.0, 0.0]",scheduled_hold
2021-11-16,348,False,"[0.0, 0.0, 0.0, 0.0, 0.0, 0.0, 0.0, 0.0, 0.0, 0.0, 0.0, 0.0, 0.0, 0.0, 0.0, 0.0, 0.0, 0.0, 0.0, 0.0, 0.0, 0.0, 0.0, 0.0, 0.0, 0.0, 0.0, 0.0]",scheduled_hold
2021-11-17,349,False,"[0.0, 0.0, 0.0, 0.0, 0.0, 0.0, 0.0, 0.0, 0.0, 0.0, 0.0, 0.0, 0.0, 0.0, 0.0, 0.0, 0.0, 0.0, 0.0, 0.0, 0.0, 0.0, 0.0, 0.0, 0.0, 0.0, 0.0, 0.0]",scheduled_hold
2021-11-18,350,True,"[-0.9458823204040527, 0.09143314510583878, -0.919413149356842, 1.0, 0.9218800663948059, -1.0, -1.0, -0.5194680094718933, -0.15744198858737946, 0.5308164358139038, 1.0, 1.0, 0.05515648424625397, -1.0, 1.0, -0.4172329902648926, -1.0, 1.0, 0.15193119645118713, -1.0, -1.0, 1.0, 0.1044020801782608, 1.0, 0.0796460509300232, -1.0, -1.0, -0.6880948543548584]",model_decision
2021-11-19,351,False,"[0.0, 0.0, 0.0, 0.0, 0.0, 0.0, 0.0, 0.0, 0.0, 0.0, 0.0, 0.0, 0.0, 0.0, 0.0, 0.0, 0.0, 0.0, 0.0, 0.0, 0.0, 0.0, 0.0, 0.0, 0.0, 0.0, 0.0, 0.0]",scheduled_hold
2021-11-22,352,False,"[0.0, 0.0, 0.0, 0.0, 0.0, 0.0, 0.0, 0.0, 0.0, 0.0, 0.0, 0.0, 0.0, 0.0, 0.0, 0.0, 0.0, 0.0, 0.0, 0.0, 0.0, 0.0, 0.0, 0.0, 0.0, 0.0, 0.0, 0.0]",scheduled_hold
2021-11-23,353,False,"[0.0, 0.0, 0.0, 0.0, 0.0, 0.0, 0.0, 0.0, 0.0, 0.0, 0.0, 0.0, 0.0, 0.0, 0.0, 0.0, 0.0, 0.0, 0.0, 0.0, 0.0, 0.0, 0.0, 0.0, 0.0, 0.0, 0.0, 0.0]",scheduled_hold
2021-11-24,354,False,"[0.0, 0.0, 0.0, 0.0, 0.0, 0.0, 0.0, 0.0, 0.0, 0.0, 0.0, 0.0, 0.0, 0.0, 0.0, 0.0, 0.0, 0.0, 0.0, 0.0, 0.0, 0.0, 0.0, 0.0, 0.0, 0.0, 0.0, 0.0]",scheduled_hold
2021-11-26,355,True,"[-0.4867269694805145, -0.10650207847356796, -0.8348730802536011, 1.0, 0.7217006087303162, -1.0, -1.0, -0.6416850686073303, -0.1342364251613617, 0.8373458981513977, 1.0, 0.8642688393592834, 0.24878254532814026, -1.0, 1.0, -0.68043452501297, -1.0, 1.0, 0.17586052417755127, -1.0, -1.0, 1.0, -0.27697882056236267, 1.0, 0.34481778740882874, -1.0, -0.8842257857322693, -1.0]",model_decision
2021-11-29,356,False,"[0.0, 0.0, 0.0, 0.0, 0.0, 0.0, 0.0, 0.0, 0.0, 0.0, 0.0, 0.0, 0.0, 0.0, 0.0, 0.0, 0.0, 0.0, 0.0, 0.0, 0.0, 0.0, 0.0, 0.0, 0.0, 0.0, 0.0, 0.0]",scheduled_hold
2021-11-30,357,False,"[0.0, 0.0, 0.0, 0.0, 0.0, 0.0, 0.0, 0.0, 0.0, 0.0, 0.0, 0.0, 0.0, 0.0, 0.0, 0.0, 0.0, 0.0, 0.0, 0.0, 0.0, 0.0, 0.0, 0.0, 0.0, 0.0, 0.0, 0.0]",scheduled_hold
2021-12-01,358,False,"[0.0, 0.0, 0.0, 0.0, 0.0, 0.0, 0.0, 0.0, 0.0, 0.0, 0.0, 0.0, 0.0, 0.0, 0.0, 0.0, 0.0, 0.0, 0.0, 0.0, 0.0, 0.0, 0.0, 0.0, 0.0, 0.0, 0.0, 0.0]",scheduled_hold
2021-12-02,359,False,"[0.0, 0.0, 0.0, 0.0, 0.0, 0.0, 0.0, 0.0, 0.0, 0.0, 0.0, 0.0, 0.0, 0.0, 0.0, 0.0, 0.0, 0.0, 0.0, 0.0, 0.0, 0.0, 0.0, 0.0, 0.0, 0.0, 0.0, 0.0]",scheduled_hold
2021-12-03,360,True,"[-0.6746508479118347, 0.04448743909597397, -0.7132601141929626, 1.0, 0.9096136689186096, -1.0, -1.0, -0.62978595495224, -0.16166673600673676, 0.7090354561805725, 1.0, 0.9540643095970154, 0.1561306118965149, -1.0, 1.0, -0.6090037226676941, -1.0, 1.0, 0.2278328835964203, -1.0, -1.0, 1.0, -0.004740368574857712, 1.0, 0.15655755996704102, -1.0, -1.0, -1.0]",model_decision
2021-12-06,361,False,"[0.0, 0.0, 0.0, 0.0, 0.0, 0.0, 0.0, 0.0, 0.0, 0.0, 0.0, 0.0, 0.0, 0.0, 0.0, 0.0, 0.0, 0.0, 0.0, 0.0, 0.0, 0.0, 0.0, 0.0, 0.0, 0.0, 0.0, 0.0]",scheduled_hold
2021-12-07,362,False,"[0.0, 0.0, 0.0, 0.0, 0.0, 0.0, 0.0, 0.0, 0.0, 0.0, 0.0, 0.0, 0.0, 0.0, 0.0, 0.0, 0.0, 0.0, 0.0, 0.0, 0.0, 0.0, 0.0, 0.0, 0.0, 0.0, 0.0, 0.0]",scheduled_hold
2021-12-08,363,False,"[0.0, 0.0, 0.0, 0.0, 0.0, 0.0, 0.0, 0.0, 0.0, 0.0, 0.0, 0.0, 0.0, 0.0, 0.0, 0.0, 0.0, 0.0, 0.0, 0.0, 0.0, 0.0, 0.0, 0.0, 0.0, 0.0, 0.0, 0.0]",scheduled_hold
2021-12-09,364,False,"[0.0, 0.0, 0.0, 0.0, 0.0, 0.0, 0.0, 0.0, 0.0, 0.0, 0.0, 0.0, 0.0, 0.0, 0.0, 0.0, 0.0, 0.0, 0.0, 0.0, 0.0, 0.0, 0.0, 0.0, 0.0, 0.0, 0.0, 0.0]",scheduled_hold
2021-12-10,365,True,"[-0.886957585811615, -0.06815703958272934, -0.7063583135604858, 1.0, 0.65500408411026, -1.0, -1.0, -0.5656443238258362, -0.1001719981431961, 0.23732763528823853, 1.0, 1.0, 0.07339897751808167, -1.0, 1.0, -0.4915241301059723, -1.0, 1.0, 0.30674856901168823, -1.0, -1.0, 1.0, 0.4428485333919525, 1.0, -0.43581250309944153, -1.0, -1.0, -0.28092995285987854]",model_decision
2021-12-13,366,False,"[0.0, 0.0, 0.0, 0.0, 0.0, 0.0, 0.0, 0.0, 0.0, 0.0, 0.0, 0.0, 0.0, 0.0, 0.0, 0.0, 0.0, 0.0, 0.0, 0.0, 0.0, 0.0, 0.0, 0.0, 0.0, 0.0, 0.0, 0.0]",scheduled_hold
2021-12-14,367,False,"[0.0, 0.0, 0.0, 0.0, 0.0, 0.0, 0.0, 0.0, 0.0, 0.0, 0.0, 0.0, 0.0, 0.0, 0.0, 0.0, 0.0, 0.0, 0.0, 0.0, 0.0, 0.0, 0.0, 0.0, 0.0, 0.0, 0.0, 0.0]",scheduled_hold
2021-12-15,368,False,"[0.0, 0.0, 0.0, 0.0, 0.0, 0.0, 0.0, 0.0, 0.0, 0.0, 0.0, 0.0, 0.0, 0.0, 0.0, 0.0, 0.0, 0.0, 0.0, 0.0, 0.0, 0.0, 0.0, 0.0, 0.0, 0.0, 0.0, 0.0]",scheduled_hold
2021-12-16,369,False,"[0.0, 0.0, 0.0, 0.0, 0.0, 0.0, 0.0, 0.0, 0.0, 0.0, 0.0, 0.0, 0.0, 0.0, 0.0, 0.0, 0.0, 0.0, 0.0, 0.0, 0.0, 0.0, 0.0, 0.0, 0.0, 0.0, 0.0, 0.0]",scheduled_hold
2021-12-17,370,True,"[-0.8331372141838074, -0.011823086068034172, -0.5542385578155518, 1.0, 0.8101783394813538, -1.0, -1.0, -0.7039597630500793, -0.08510459959506989, 0.337760329246521, 1.0, 1.0, 0.10194316506385803, -1.0, 1.0, -0.5715453028678894, -1.0, 1.0, 0.29064619541168213, -1.0, -1.0, 1.0, 0.27659252285957336, 1.0, -0.21493825316429138, -1.0, -1.0, -0.5771820545196533]",model_decision
2021-12-20,371,False,"[0.0, 0.0, 0.0, 0.0, 0.0, 0.0, 0.0, 0.0, 0.0, 0.0, 0.0, 0.0, 0.0, 0.0, 0.0, 0.0, 0.0, 0.0, 0.0, 0.0, 0.0, 0.0, 0.0, 0.0, 0.0, 0.0, 0.0, 0.0]",scheduled_hold
2021-12-21,372,False,"[0.0, 0.0, 0.0, 0.0, 0.0, 0.0, 0.0, 0.0, 0.0, 0.0, 0.0, 0.0, 0.0, 0.0, 0.0, 0.0, 0.0, 0.0, 0.0, 0.0, 0.0, 0.0, 0.0, 0.0, 0.0, 0.0, 0.0, 0.0]",scheduled_hold
2021-12-22,373,False,"[0.0, 0.0, 0.0, 0.0, 0.0, 0.0, 0.0, 0.0, 0.0, 0.0, 0.0, 0.0, 0.0, 0.0, 0.0, 0.0, 0.0, 0.0, 0.0, 0.0, 0.0, 0.0, 0.0, 0.0, 0.0, 0.0, 0.0, 0.0]",scheduled_hold
2021-12-23,374,False,"[0.0, 0.0, 0.0, 0.0, 0.0, 0.0, 0.0, 0.0, 0.0, 0.0, 0.0, 0.0, 0.0, 0.0, 0.0, 0.0, 0.0, 0.0, 0.0, 0.0, 0.0, 0.0, 0.0, 0.0, 0.0, 0.0, 0.0, 0.0]",scheduled_hold
2021-12-27,375,True,"[-0.9293355345726013, 0.04371913522481918, -0.7380866408348083, 1.0, 0.7822899222373962, -1.0, -1.0, -0.4045941233634949, -0.1293737292289734, 0.34393054246902466, 1.0, 0.9683176279067993, -0.04381448030471802, -1.0, 1.0, -0.4354715347290039, -1.0, 1.0, 0.30761104822158813, -1.0, -1.0, 1.0, 0.024689931422472, 1.0, 0.29091688990592957, -1.0, -1.0, -0.9221197962760925]",model_decision
2021-12-28,376,False,"[0.0, 0.0, 0.0, 0.0, 0.0, 0.0, 0.0, 0.0, 0.0, 0.0, 0.0, 0.0, 0.0, 0.0, 0.0, 0.0, 0.0, 0.0, 0.0, 0.0, 0.0, 0.0, 0.0, 0.0, 0.0, 0.0, 0.0, 0.0]",scheduled_hold
2021-12-29,377,False,"[0.0, 0.0, 0.0, 0.0, 0.0, 0.0, 0.0, 0.0, 0.0, 0.0, 0.0, 0.0, 0.0, 0.0, 0.0, 0.0, 0.0, 0.0, 0.0, 0.0, 0.0, 0.0, 0.0, 0.0, 0.0, 0.0, 0.0, 0.0]",scheduled_hold
2021-12-30,378,False,"[0.0, 0.0, 0.0, 0.0, 0.0, 0.0, 0.0, 0.0, 0.0, 0.0, 0.0, 0.0, 0.0, 0.0, 0.0, 0.0, 0.0, 0.0, 0.0, 0.0, 0.0, 0.0, 0.0, 0.0, 0.0, 0.0, 0.0, 0.0]",scheduled_hold
2021-12-31,379,False,"[0.0, 0.0, 0.0, 0.0, 0.0, 0.0, 0.0, 0.0, 0.0, 0.0, 0.0, 0.0, 0.0, 0.0, 0.0, 0.0, 0.0, 0.0, 0.0, 0.0, 0.0, 0.0, 0.0, 0.0, 0.0, 0.0, 0.0, 0.0]",scheduled_hold
2022-01-03,380,True,"[-0.9232104420661926, 0.10752969235181808, -0.6515843868255615, 1.0, 0.6687571406364441, -1.0, -1.0, -0.3210816979408264, -0.1345798373222351, 0.2511303722858429, 1.0, 0.9731354117393494, -0.16031889617443085, -1.0, 1.0, -0.2926386296749115, -1.0, 1.0, 0.383461058139801, -1.0, -1.0, 1.0, 0.15096800029277802, 1.0, 0.14819753170013428, -1.0, -1.0, -0.688537061214447]",model_decision
2022-01-04,381,False,"[0.0, 0.0, 0.0, 0.0, 0.0, 0.0, 0.0, 0.0, 0.0, 0.0, 0.0, 0.0, 0.0, 0.0, 0.0, 0.0, 0.0, 0.0, 0.0, 0.0, 0.0, 0.0, 0.0, 0.0, 0.0, 0.0, 0.0, 0.0]",scheduled_hold
2022-01-05,382,False,"[0.0, 0.0, 0.0, 0.0, 0.0, 0.0, 0.0, 0.0, 0.0, 0.0, 0.0, 0.0, 0.0, 0.0, 0.0, 0.0, 0.0, 0.0, 0.0, 0.0, 0.0, 0.0, 0.0, 0.0, 0.0, 0.0, 0.0, 0.0]",scheduled_hold
2022-01-06,383,False,"[0.0, 0.0, 0.0, 0.0, 0.0, 0.0, 0.0, 0.0, 0.0, 0.0, 0.0, 0.0, 0.0, 0.0, 0.0, 0.0, 0.0, 0.0, 0.0, 0.0, 0.0, 0.0, 0.0, 0.0, 0.0, 0.0, 0.0, 0.0]",scheduled_hold
2022-01-07,384,False,"[0.0, 0.0, 0.0, 0.0, 0.0, 0.0, 0.0, 0.0, 0.0, 0.0, 0.0, 0.0, 0.0, 0.0, 0.0, 0.0, 0.0, 0.0, 0.0, 0.0, 0.0, 0.0, 0.0, 0.0, 0.0, 0.0, 0.0, 0.0]",scheduled_hold
2022-01-10,385,True,"[-0.6532915234565735, -0.037198908627033234, -0.616706907749176, 1.0, 0.5352328419685364, -1.0, -1.0, -0.6670575737953186, -0.10493087768554688, 0.1765330731868744, 0.5581028461456299, 0.9466410279273987, 0.16878943145275116, -1.0, 1.0, -0.4278356730937958, -1.0, 0.7261121273040771, 0.2149626910686493, -1.0, -1.0, 1.0, 0.5683303475379944, 1.0, -0.8754010200500488, -1.0, -1.0, 0.13708223402500153]",model_decision
2022-01-11,386,False,"[0.0, 0.0, 0.0, 0.0, 0.0, 0.0, 0.0, 0.0, 0.0, 0.0, 0.0, 0.0, 0.0, 0.0, 0.0, 0.0, 0.0, 0.0, 0.0, 0.0, 0.0, 0.0, 0.0, 0.0, 0.0, 0.0, 0.0, 0.0]",scheduled_hold
2022-01-12,387,False,"[0.0, 0.0, 0.0, 0.0, 0.0, 0.0, 0.0, 0.0, 0.0, 0.0, 0.0, 0.0, 0.0, 0.0, 0.0, 0.0, 0.0, 0.0, 0.0, 0.0, 0.0, 0.0, 0.0, 0.0, 0.0, 0.0, 0.0, 0.0]",scheduled_hold
2022-01-13,388,False,"[0.0, 0.0, 0.0, 0.0, 0.0, 0.0, 0.0, 0.0, 0.0, 0.0, 0.0, 0.0, 0.0, 0.0, 0.0, 0.0, 0.0, 0.0, 0.0, 0.0, 0.0, 0.0, 0.0, 0.0, 0.0, 0.0, 0.0, 0.0]",scheduled_hold
2022-01-14,389,False,"[0.0, 0.0, 0.0, 0.0, 0.0, 0.0, 0.0, 0.0, 0.0, 0.0, 0.0, 0.0, 0.0, 0.0, 0.0, 0.0, 0.0, 0.0, 0.0, 0.0, 0.0, 0.0, 0.0, 0.0, 0.0, 0.0, 0.0, 0.0]",scheduled_hold
2022-01-18,390,True,"[-0.718508243560791, -0.035253167152404785, -0.816757082939148, 1.0, 0.7461185455322266, -1.0, -1.0, -0.6036174893379211, -0.11936931312084198, 0.5504946708679199, 1.0, 0.9894313216209412, 0.13447386026382446, -1.0, 1.0, -0.6280059218406677, -1.0, 1.0, 0.22452712059020996, -1.0, -1.0, 1.0, 0.12955275177955627, 1.0, -0.21796156466007233, -1.0, -1.0, -0.5691637396812439]",model_decision
2022-01-19,391,False,"[0.0, 0.0, 0.0, 0.0, 0.0, 0.0, 0.0, 0.0, 0.0, 0.0, 0.0, 0.0, 0.0, 0.0, 0.0, 0.0, 0.0, 0.0, 0.0, 0.0, 0.0, 0.0, 0.0, 0.0, 0.0, 0.0, 0.0, 0.0]",scheduled_hold
2022-01-20,392,False,"[0.0, 0.0, 0.0, 0.0, 0.0, 0.0, 0.0, 0.0, 0.0, 0.0, 0.0, 0.0, 0.0, 0.0, 0.0, 0.0, 0.0, 0.0, 0.0, 0.0, 0.0, 0.0, 0.0, 0.0, 0.0, 0.0, 0.0, 0.0]",scheduled_hold
2022-01-21,393,False,"[0.0, 0.0, 0.0, 0.0, 0.0, 0.0, 0.0, 0.0, 0.0, 0.0, 0.0, 0.0, 0.0, 0.0, 0.0, 0.0, 0.0, 0.0, 0.0, 0.0, 0.0, 0.0, 0.0, 0.0, 0.0, 0.0, 0.0, 0.0]",scheduled_hold
2022-01-24,394,False,"[0.0, 0.0, 0.0, 0.0, 0.0, 0.0, 0.0, 0.0, 0.0, 0.0, 0.0, 0.0, 0.0, 0.0, 0.0, 0.0, 0.0, 0.0, 0.0, 0.0, 0.0, 0.0, 0.0, 0.0, 0.0, 0.0, 0.0, 0.0]",scheduled_hold
2022-01-25,395,True,"[-0.714362382888794, 0.13400718569755554, -0.6800488829612732, 1.0, 0.9322229027748108, -1.0, -1.0, -0.6205306649208069, -0.21470773220062256, 0.5004938244819641, 1.0, 1.0, 0.14166545867919922, -1.0, 1.0, -0.4990711808204651, -1.0, 1.0, 0.21603867411613464, -1.0, -1.0, 1.0, 0.09572844207286835, 1.0, -0.12149457633495331, -1.0, -1.0, -0.6926425695419312]",model_decision
2022-01-26,396,False,"[0.0, 0.0, 0.0, 0.0, 0.0, 0.0, 0.0, 0.0, 0.0, 0.0, 0.0, 0.0, 0.0, 0.0, 0.0, 0.0, 0.0, 0.0, 0.0, 0.0, 0.0, 0.0, 0.0, 0.0, 0.0, 0.0, 0.0, 0.0]",scheduled_hold
2022-01-27,397,False,"[0.0, 0.0, 0.0, 0.0, 0.0, 0.0, 0.0, 0.0, 0.0, 0.0, 0.0, 0.0, 0.0, 0.0, 0.0, 0.0, 0.0, 0.0, 0.0, 0.0, 0.0, 0.0, 0.0, 0.0, 0.0, 0.0, 0.0, 0.0]",scheduled_hold
2022-01-28,398,False,"[0.0, 0.0, 0.0, 0.0, 0.0, 0.0, 0.0, 0.0, 0.0, 0.0, 0.0, 0.0, 0.0, 0.0, 0.0, 0.0, 0.0, 0.0, 0.0, 0.0, 0.0, 0.0, 0.0, 0.0, 0.0, 0.0, 0.0, 0.0]",scheduled_hold
2022-01-31,399,False,"[0.0, 0.0, 0.0, 0.0, 0.0, 0.0, 0.0, 0.0, 0.0, 0.0, 0.0, 0.0, 0.0, 0.0, 0.0, 0.0, 0.0, 0.0, 0.0, 0.0, 0.0, 0.0, 0.0, 0.0, 0.0, 0.0, 0.0, 0.0]",scheduled_hold
2022-02-01,400,True,"[-0.9258701801300049, 0.004795113578438759, -0.7412976026535034, 1.0, 1.0, -1.0, -1.0, -0.6418204307556152, -0.15965834259986877, 0.39334359765052795, 1.0, 1.0, 0.14385706186294556, -1.0, 1.0, -0.5893910527229309, -1.0, 1.0, 0.2121397852897644, -1.0, -1.0, 1.0, 0.27284398674964905, 1.0, -0.13946367800235748, -1.0, -1.0, -0.6954013109207153]",model_decision
2022-02-02,401,False,"[0.0, 0.0, 0.0, 0.0, 0.0, 0.0, 0.0, 0.0, 0.0, 0.0, 0.0, 0.0, 0.0, 0.0, 0.0, 0.0, 0.0, 0.0, 0.0, 0.0, 0.0, 0.0, 0.0, 0.0, 0.0, 0.0, 0.0, 0.0]",scheduled_hold
2022-02-03,402,False,"[0.0, 0.0, 0.0, 0.0, 0.0, 0.0, 0.0, 0.0, 0.0, 0.0, 0.0, 0.0, 0.0, 0.0, 0.0, 0.0, 0.0, 0.0, 0.0, 0.0, 0.0, 0.0, 0.0, 0.0, 0.0, 0.0, 0.0, 0.0]",scheduled_hold
2022-02-04,403,False,"[0.0, 0.0, 0.0, 0.0, 0.0, 0.0, 0.0, 0.0, 0.0, 0.0, 0.0, 0.0, 0.0, 0.0, 0.0, 0.0, 0.0, 0.0, 0.0, 0.0, 0.0, 0.0, 0.0, 0.0, 0.0, 0.0, 0.0, 0.0]",scheduled_hold
2022-02-07,404,False,"[0.0, 0.0, 0.0, 0.0, 0.0, 0.0, 0.0, 0.0, 0.0, 0.0, 0.0, 0.0, 0.0, 0.0, 0.0, 0.0, 0.0, 0.0, 0.0, 0.0, 0.0, 0.0, 0.0, 0.0, 0.0, 0.0, 0.0, 0.0]",scheduled_hold
2022-02-08,405,True,"[-0.9258696436882019, 0.0047950539737939835, -0.7412965297698975, 1.0, 1.0, -1.0, -1.0, -0.6418213844299316, -0.15965810418128967, 0.39334365725517273, 1.0, 1.0, 0.14385679364204407, -1.0, 1.0, -0.5893903374671936, -1.0, 1.0, 0.2121395468711853, -1.0, -1.0, 1.0, 0.2728438079357147, 1.0, -0.13946568965911865, -1.0, -1.0, -0.6953986883163452]",model_decision
2022-02-09,406,False,"[0.0, 0.0, 0.0, 0.0, 0.0, 0.0, 0.0, 0.0, 0.0, 0.0, 0.0, 0.0, 0.0, 0.0, 0.0, 0.0, 0.0, 0.0, 0.0, 0.0, 0.0, 0.0, 0.0, 0.0, 0.0, 0.0, 0.0, 0.0]",scheduled_hold
2022-02-10,407,False,"[0.0, 0.0, 0.0, 0.0, 0.0, 0.0, 0.0, 0.0, 0.0, 0.0, 0.0, 0.0, 0.0, 0.0, 0.0, 0.0, 0.0, 0.0, 0.0, 0.0, 0.0, 0.0, 0.0, 0.0, 0.0, 0.0, 0.0, 0.0]",scheduled_hold
2022-02-11,408,False,"[0.0, 0.0, 0.0, 0.0, 0.0, 0.0, 0.0, 0.0, 0.0, 0.0, 0.0, 0.0, 0.0, 0.0, 0.0, 0.0, 0.0, 0.0, 0.0, 0.0, 0.0, 0.0, 0.0, 0.0, 0.0, 0.0, 0.0, 0.0]",scheduled_hold
2022-02-14,409,False,"[0.0, 0.0, 0.0, 0.0, 0.0, 0.0, 0.0, 0.0, 0.0, 0.0, 0.0, 0.0, 0.0, 0.0, 0.0, 0.0, 0.0, 0.0, 0.0, 0.0, 0.0, 0.0, 0.0, 0.0, 0.0, 0.0, 0.0, 0.0]",scheduled_hold
2022-02-15,410,True,"[-0.8682111501693726, 0.11814761906862259, -0.7965055704116821, 1.0, 1.0, -1.0, -1.0, -0.5754706859588623, -0.23314261436462402, 0.5889933109283447, 1.0, 1.0, 0.13273659348487854, -1.0, 1.0, -0.4938294291496277, -1.0, 1.0, 0.14665886759757996, -1.0, -1.0, 1.0, 0.09887242317199707, 1.0, 0.01576930657029152, -1.0, -1.0, -0.8545175790786743]",model_decision
2022-02-16,411,False,"[0.0, 0.0, 0.0, 0.0, 0.0, 0.0, 0.0, 0.0, 0.0, 0.0, 0.0, 0.0, 0.0, 0.0, 0.0, 0.0, 0.0, 0.0, 0.0, 0.0, 0.0, 0.0, 0.0, 0.0, 0.0, 0.0, 0.0, 0.0]",scheduled_hold
2022-02-17,412,False,"[0.0, 0.0, 0.0, 0.0, 0.0, 0.0, 0.0, 0.0, 0.0, 0.0, 0.0, 0.0, 0.0, 0.0, 0.0, 0.0, 0.0, 0.0, 0.0, 0.0, 0.0, 0.0, 0.0, 0.0, 0.0, 0.0, 0.0, 0.0]",scheduled_hold
2022-02-18,413,False,"[0.0, 0.0, 0.0, 0.0, 0.0, 0.0, 0.0, 0.0, 0.0, 0.0, 0.0, 0.0, 0.0, 0.0, 0.0, 0.0, 0.0, 0.0, 0.0, 0.0, 0.0, 0.0, 0.0, 0.0, 0.0, 0.0, 0.0, 0.0]",scheduled_hold
2022-02-22,414,False,"[0.0, 0.0, 0.0, 0.0, 0.0, 0.0, 0.0, 0.0, 0.0, 0.0, 0.0, 0.0, 0.0, 0.0, 0.0, 0.0, 0.0, 0.0, 0.0, 0.0, 0.0, 0.0, 0.0, 0.0, 0.0, 0.0, 0.0, 0.0]",scheduled_hold
2022-02-23,415,True,"[-0.7143620848655701, 0.1340084969997406, -0.6800478100776672, 1.0, 0.9322245121002197, -1.0, -1.0, -0.6205305457115173, -0.21470855176448822, 0.5004934072494507, 1.0, 1.0, 0.14166592061519623, -1.0, 1.0, -0.49907007813453674, -1.0, 1.0, 0.2160385251045227, -1.0, -1.0, 1.0, 0.09572799503803253, 1.0, -0.12149351835250854, -1.0, -1.0, -0.6926435828208923]",model_decision
2022-02-24,416,False,"[0.0, 0.0, 0.0, 0.0, 0.0, 0.0, 0.0, 0.0, 0.0, 0.0, 0.0, 0.0, 0.0, 0.0, 0.0, 0.0, 0.0, 0.0, 0.0, 0.0, 0.0, 0.0, 0.0, 0.0, 0.0, 0.0, 0.0, 0.0]",scheduled_hold
2022-02-25,417,False,"[0.0, 0.0, 0.0, 0.0, 0.0, 0.0, 0.0, 0.0, 0.0, 0.0, 0.0, 0.0, 0.0, 0.0, 0.0, 0.0, 0.0, 0.0, 0.0, 0.0, 0.0, 0.0, 0.0, 0.0, 0.0, 0.0, 0.0, 0.0]",scheduled_hold
2022-02-28,418,False,"[0.0, 0.0, 0.0, 0.0, 0.0, 0.0, 0.0, 0.0, 0.0, 0.0, 0.0, 0.0, 0.0, 0.0, 0.0, 0.0, 0.0, 0.0, 0.0, 0.0, 0.0, 0.0, 0.0, 0.0, 0.0, 0.0, 0.0, 0.0]",scheduled_hold
2022-03-01,419,False,"[0.0, 0.0, 0.0, 0.0, 0.0, 0.0, 0.0, 0.0, 0.0, 0.0, 0.0, 0.0, 0.0, 0.0, 0.0, 0.0, 0.0, 0.0, 0.0, 0.0, 0.0, 0.0, 0.0, 0.0, 0.0, 0.0, 0.0, 0.0]",scheduled_hold
2022-03-02,420,True,"[-0.8615034222602844, 0.162070170044899, -0.7661657333374023, 1.0, 0.9741668105125427, -1.0, -1.0, -0.5334839224815369, -0.2215437889099121, 0.5795071125030518, 1.0, 1.0, 0.04555981606245041, -1.0, 1.0, -0.4100242257118225, -1.0, 1.0, 0.17451292276382446, -1.0, -1.0, 1.0, 0.16028642654418945, 1.0, -0.09105299413204193, -1.0, -1.0, -0.698176920413971]",model_decision
2022-03-03,421,False,"[0.0, 0.0, 0.0, 0.0, 0.0, 0.0, 0.0, 0.0, 0.0, 0.0, 0.0, 0.0, 0.0, 0.0, 0.0, 0.0, 0.0, 0.0, 0.0, 0.0, 0.0, 0.0, 0.0, 0.0, 0.0, 0.0, 0.0, 0.0]",scheduled_hold
2022-03-04,422,False,"[0.0, 0.0, 0.0, 0.0, 0.0, 0.0, 0.0, 0.0, 0.0, 0.0, 0.0, 0.0, 0.0, 0.0, 0.0, 0.0, 0.0, 0.0, 0.0, 0.0, 0.0, 0.0, 0.0, 0.0, 0.0, 0.0, 0.0, 0.0]",scheduled_hold
2022-03-07,423,False,"[0.0, 0.0, 0.0, 0.0, 0.0, 0.0, 0.0, 0.0, 0.0, 0.0, 0.0, 0.0, 0.0, 0.0, 0.0, 0.0, 0.0, 0.0, 0.0, 0.0, 0.0, 0.0, 0.0, 0.0, 0.0, 0.0, 0.0, 0.0]",scheduled_hold
2022-03-08,424,False,"[0.0, 0.0, 0.0, 0.0, 0.0, 0.0, 0.0, 0.0, 0.0, 0.0, 0.0, 0.0, 0.0, 0.0, 0.0, 0.0, 0.0, 0.0, 0.0, 0.0, 0.0, 0.0, 0.0, 0.0, 0.0, 0.0, 0.0, 0.0]",scheduled_hold
2022-03-09,425,True,"[-0.9617477059364319, -0.12750031054019928, -0.8381067514419556, 1.0, 0.8455458283424377, -1.0, -1.0, -0.5794939398765564, -0.07752612233161926, 0.38829943537712097, 1.0, 1.0, 0.11748228222131729, -1.0, 1.0, -0.682606041431427, -1.0, 1.0, 0.24674242734909058, -1.0, -1.0, 1.0, 0.33939337730407715, 1.0, -0.25699809193611145, -1.0, -1.0, -0.5554125308990479]",model_decision
2022-03-10,426,False,"[0.0, 0.0, 0.0, 0.0, 0.0, 0.0, 0.0, 0.0, 0.0, 0.0, 0.0, 0.0, 0.0, 0.0, 0.0, 0.0, 0.0, 0.0, 0.0, 0.0, 0.0, 0.0, 0.0, 0.0, 0.0, 0.0, 0.0, 0.0]",scheduled_hold
2022-03-11,427,False,"[0.0, 0.0, 0.0, 0.0, 0.0, 0.0, 0.0, 0.0, 0.0, 0.0, 0.0, 0.0, 0.0, 0.0, 0.0, 0.0, 0.0, 0.0, 0.0, 0.0, 0.0, 0.0, 0.0, 0.0, 0.0, 0.0, 0.0, 0.0]",scheduled_hold
2022-03-14,428,False,"[0.0, 0.0, 0.0, 0.0, 0.0, 0.0, 0.0, 0.0, 0.0, 0.0, 0.0, 0.0, 0.0, 0.0, 0.0, 0.0, 0.0, 0.0, 0.0, 0.0, 0.0, 0.0, 0.0, 0.0, 0.0, 0.0, 0.0, 0.0]",scheduled_hold
2022-03-15,429,False,"[0.0, 0.0, 0.0, 0.0, 0.0, 0.0, 0.0, 0.0, 0.0, 0.0, 0.0, 0.0, 0.0, 0.0, 0.0, 0.0, 0.0, 0.0, 0.0, 0.0, 0.0, 0.0, 0.0, 0.0, 0.0, 0.0, 0.0, 0.0]",scheduled_hold
2022-03-16,430,True,"[-0.668294370174408, 0.054377250373363495, -0.5563473701477051, 1.0, 0.7153449058532715, -1.0, -1.0, -0.7027122378349304, -0.09880290180444717, 0.23663082718849182, 0.7844262719154358, 1.0, 0.17194560170173645, -1.0, 1.0, -0.43476659059524536, -1.0, 1.0, 0.2778581380844116, -1.0, -1.0, 1.0, 0.41018325090408325, 1.0, -0.6761375665664673, -1.0, -1.0, -0.047570955008268356]",model_decision
2022-03-17,431,False,"[0.0, 0.0, 0.0, 0.0, 0.0, 0.0, 0.0, 0.0, 0.0, 0.0, 0.0, 0.0, 0.0, 0.0, 0.0, 0.0, 0.0, 0.0, 0.0, 0.0, 0.0, 0.0, 0.0, 0.0, 0.0, 0.0, 0.0, 0.0]",scheduled_hold
2022-03-18,432,False,"[0.0, 0.0, 0.0, 0.0, 0.0, 0.0, 0.0, 0.0, 0.0, 0.0, 0.0, 0.0, 0.0, 0.0, 0.0, 0.0, 0.0, 0.0, 0.0, 0.0, 0.0, 0.0, 0.0, 0.0, 0.0, 0.0, 0.0, 0.0]",scheduled_hold
2022-03-21,433,False,"[0.0, 0.0, 0.0, 0.0, 0.0, 0.0, 0.0, 0.0, 0.0, 0.0, 0.0, 0.0, 0.0, 0.0, 0.0, 0.0, 0.0, 0.0, 0.0, 0.0, 0.0, 0.0, 0.0, 0.0, 0.0, 0.0, 0.0, 0.0]",scheduled_hold
2022-03-22,434,False,"[0.0, 0.0, 0.0, 0.0, 0.0, 0.0, 0.0, 0.0, 0.0, 0.0, 0.0, 0.0, 0.0, 0.0, 0.0, 0.0, 0.0, 0.0, 0.0, 0.0, 0.0, 0.0, 0.0, 0.0, 0.0, 0.0, 0.0, 0.0]",scheduled_hold
2022-03-23,435,True,"[-0.5945398211479187, 0.18584753572940826, -0.5322580337524414, 1.0, 0.8263306021690369, -1.0, -1.0, -0.4707646369934082, -0.23186516761779785, 0.5330036878585815, 1.0, 1.0, 0.01750171184539795, -1.0, 1.0, -0.521228015422821, -1.0, 1.0, 0.27556225657463074, -1.0, -1.0, 1.0, -0.04320458695292473, 1.0, 0.10093632340431213, -0.7950747013092041, -1.0, -0.8019950985908508]",model_decision
2022-03-24,436,False,"[0.0, 0.0, 0.0, 0.0, 0.0, 0.0, 0.0, 0.0, 0.0, 0.0, 0.0, 0.0, 0.0, 0.0, 0.0, 0.0, 0.0, 0.0, 0.0, 0.0, 0.0, 0.0, 0.0, 0.0, 0.0, 0.0, 0.0, 0.0]",scheduled_hold
2022-03-25,437,False,"[0.0, 0.0, 0.0, 0.0, 0.0, 0.0, 0.0, 0.0, 0.0, 0.0, 0.0, 0.0, 0.0, 0.0, 0.0, 0.0, 0.0, 0.0, 0.0, 0.0, 0.0, 0.0, 0.0, 0.0, 0.0, 0.0, 0.0, 0.0]",scheduled_hold
2022-03-28,438,False,"[0.0, 0.0, 0.0, 0.0, 0.0, 0.0, 0.0, 0.0, 0.0, 0.0, 0.0, 0.0, 0.0, 0.0, 0.0, 0.0, 0.0, 0.0, 0.0, 0.0, 0.0, 0.0, 0.0, 0.0, 0.0, 0.0, 0.0, 0.0]",scheduled_hold
2022-03-29,439,False,"[0.0, 0.0, 0.0, 0.0, 0.0, 0.0, 0.0, 0.0, 0.0, 0.0, 0.0, 0.0, 0.0, 0.0, 0.0, 0.0, 0.0, 0.0, 0.0, 0.0, 0.0, 0.0, 0.0, 0.0, 0.0, 0.0, 0.0, 0.0]",scheduled_hold
2022-03-30,440,True,"[-0.6796886920928955, 0.1483868807554245, -0.6228675842285156, 1.0, 0.7857057452201843, -1.0, -1.0, -0.45098915696144104, -0.21733561158180237, 0.4304846525192261, 1.0, 0.9472206234931946, -0.032613374292850494, -1.0, 1.0, -0.35360947251319885, -1.0, 1.0, 0.2597216069698334, -1.0, -1.0, 1.0, -0.21832074224948883, 1.0, 0.5909727215766907, -0.9254463911056519, -1.0, -1.0]",model_decision
2022-03-31,441,False,"[0.0, 0.0, 0.0, 0.0, 0.0, 0.0, 0.0, 0.0, 0.0, 0.0, 0.0, 0.0, 0.0, 0.0, 0.0, 0.0, 0.0, 0.0, 0.0, 0.0, 0.0, 0.0, 0.0, 0.0, 0.0, 0.0, 0.0, 0.0]",scheduled_hold
2022-04-01,442,False,"[0.0, 0.0, 0.0, 0.0, 0.0, 0.0, 0.0, 0.0, 0.0, 0.0, 0.0, 0.0, 0.0, 0.0, 0.0, 0.0, 0.0, 0.0, 0.0, 0.0, 0.0, 0.0, 0.0, 0.0, 0.0, 0.0, 0.0, 0.0]",scheduled_hold
2022-04-04,443,False,"[0.0, 0.0, 0.0, 0.0, 0.0, 0.0, 0.0, 0.0, 0.0, 0.0, 0.0, 0.0, 0.0, 0.0, 0.0, 0.0, 0.0, 0.0, 0.0, 0.0, 0.0, 0.0, 0.0, 0.0, 0.0, 0.0, 0.0, 0.0]",scheduled_hold
2022-04-05,444,False,"[0.0, 0.0, 0.0, 0.0, 0.0, 0.0, 0.0, 0.0, 0.0, 0.0, 0.0, 0.0, 0.0, 0.0, 0.0, 0.0, 0.0, 0.0, 0.0, 0.0, 0.0, 0.0, 0.0, 0.0, 0.0, 0.0, 0.0, 0.0]",scheduled_hold
2022-04-06,445,True,"[-0.8650954365730286, 0.04581679403781891, -0.6741528511047363, 1.0, 0.9508309960365295, -1.0, -1.0, -0.6448146104812622, -0.17120173573493958, 0.36377257108688354, 1.0, 1.0, 0.18551898002624512, -1.0, 1.0, -0.44810429215431213, -1.0, 1.0, 0.19566282629966736, -1.0, -1.0, 1.0, 0.22948801517486572, 1.0, -0.1676795333623886, -1.0, -1.0, -0.6430671215057373]",model_decision
2022-04-07,446,False,"[0.0, 0.0, 0.0, 0.0, 0.0, 0.0, 0.0, 0.0, 0.0, 0.0, 0.0, 0.0, 0.0, 0.0, 0.0, 0.0, 0.0, 0.0, 0.0, 0.0, 0.0, 0.0, 0.0, 0.0, 0.0, 0.0, 0.0, 0.0]",scheduled_hold
2022-04-08,447,False,"[0.0, 0.0, 0.0, 0.0, 0.0, 0.0, 0.0, 0.0, 0.0, 0.0, 0.0, 0.0, 0.0, 0.0, 0.0, 0.0, 0.0, 0.0, 0.0, 0.0, 0.0, 0.0, 0.0, 0.0, 0.0, 0.0, 0.0, 0.0]",scheduled_hold
2022-04-11,448,False,"[0.0, 0.0, 0.0, 0.0, 0.0, 0.0, 0.0, 0.0, 0.0, 0.0, 0.0, 0.0, 0.0, 0.0, 0.0, 0.0, 0.0, 0.0, 0.0, 0.0, 0.0, 0.0, 0.0, 0.0, 0.0, 0.0, 0.0, 0.0]",scheduled_hold
2022-04-12,449,False,"[0.0, 0.0, 0.0, 0.0, 0.0, 0.0, 0.0, 0.0, 0.0, 0.0, 0.0, 0.0, 0.0, 0.0, 0.0, 0.0, 0.0, 0.0, 0.0, 0.0, 0.0, 0.0, 0.0, 0.0, 0.0, 0.0, 0.0, 0.0]",scheduled_hold
2022-04-13,450,True,"[-0.7282798886299133, 0.205423504114151, -0.7720720171928406, 1.0, 0.9781307578086853, -1.0, -1.0, -0.5507106781005859, -0.3037564158439636, 0.7491516470909119, 1.0, 1.0, 0.19725118577480316, -1.0, 1.0, -0.35821518301963806, -1.0, 1.0, 0.0674833133816719, -1.0, -1.0, 1.0, -0.03096587583422661, 1.0, 0.03718233481049538, -1.0, -1.0, -0.9094014167785645]",model_decision
2022-04-14,451,False,"[0.0, 0.0, 0.0, 0.0, 0.0, 0.0, 0.0, 0.0, 0.0, 0.0, 0.0, 0.0, 0.0, 0.0, 0.0, 0.0, 0.0, 0.0, 0.0, 0.0, 0.0, 0.0, 0.0, 0.0, 0.0, 0.0, 0.0, 0.0]",scheduled_hold
2022-04-18,452,False,"[0.0, 0.0, 0.0, 0.0, 0.0, 0.0, 0.0, 0.0, 0.0, 0.0, 0.0, 0.0, 0.0, 0.0, 0.0, 0.0, 0.0, 0.0, 0.0, 0.0, 0.0, 0.0, 0.0, 0.0, 0.0, 0.0, 0.0, 0.0]",scheduled_hold
2022-04-19,453,False,"[0.0, 0.0, 0.0, 0.0, 0.0, 0.0, 0.0, 0.0, 0.0, 0.0, 0.0, 0.0, 0.0, 0.0, 0.0, 0.0, 0.0, 0.0, 0.0, 0.0, 0.0, 0.0, 0.0, 0.0, 0.0, 0.0, 0.0, 0.0]",scheduled_hold
2022-04-20,454,False,"[0.0, 0.0, 0.0, 0.0, 0.0, 0.0, 0.0, 0.0, 0.0, 0.0, 0.0, 0.0, 0.0, 0.0, 0.0, 0.0, 0.0, 0.0, 0.0, 0.0, 0.0, 0.0, 0.0, 0.0, 0.0, 0.0, 0.0, 0.0]",scheduled_hold
2022-04-21,455,True,"[-0.8894520401954651, -0.10315776616334915, -0.7532975673675537, 1.0, 0.7293056845664978, -1.0, -1.0, -0.6112279295921326, -0.09489530324935913, 0.29676923155784607, 1.0, 1.0, 0.15790705382823944, -1.0, 1.0, -0.5741716027259827, -1.0, 1.0, 0.2623429596424103, -1.0, -1.0, 1.0, 0.3327890634536743, 1.0, -0.29602864384651184, -1.0, -1.0, -0.5044613480567932]",model_decision
2022-04-22,456,False,"[0.0, 0.0, 0.0, 0.0, 0.0, 0.0, 0.0, 0.0, 0.0, 0.0, 0.0, 0.0, 0.0, 0.0, 0.0, 0.0, 0.0, 0.0, 0.0, 0.0, 0.0, 0.0, 0.0, 0.0, 0.0, 0.0, 0.0, 0.0]",scheduled_hold
2022-04-25,457,False,"[0.0, 0.0, 0.0, 0.0, 0.0, 0.0, 0.0, 0.0, 0.0, 0.0, 0.0, 0.0, 0.0, 0.0, 0.0, 0.0, 0.0, 0.0, 0.0, 0.0, 0.0, 0.0, 0.0, 0.0, 0.0, 0.0, 0.0, 0.0]",scheduled_hold
2022-04-26,458,False,"[0.0, 0.0, 0.0, 0.0, 0.0, 0.0, 0.0, 0.0, 0.0, 0.0, 0.0, 0.0, 0.0, 0.0, 0.0, 0.0, 0.0, 0.0, 0.0, 0.0, 0.0, 0.0, 0.0, 0.0, 0.0, 0.0, 0.0, 0.0]",scheduled_hold
2022-04-27,459,False,"[0.0, 0.0, 0.0, 0.0, 0.0, 0.0, 0.0, 0.0, 0.0, 0.0, 0.0, 0.0, 0.0, 0.0, 0.0, 0.0, 0.0, 0.0, 0.0, 0.0, 0.0, 0.0, 0.0, 0.0, 0.0, 0.0, 0.0, 0.0]",scheduled_hold
2022-04-28,460,True,"[-0.7693561911582947, 0.23576514422893524, -0.7916003465652466, 1.0, 1.0, -1.0, -1.0, -0.5281199812889099, -0.32000836730003357, 0.7046975493431091, 1.0, 1.0, 0.21956877410411835, -1.0, 1.0, -0.4435482621192932, -1.0, 1.0, 0.09241104871034622, -1.0, -1.0, 1.0, -0.03601781651377678, 1.0, 0.20263183116912842, -1.0, -1.0, -1.0]",model_decision
2022-04-29,461,False,"[0.0, 0.0, 0.0, 0.0, 0.0, 0.0, 0.0, 0.0, 0.0, 0.0, 0.0, 0.0, 0.0, 0.0, 0.0, 0.0, 0.0, 0.0, 0.0, 0.0, 0.0, 0.0, 0.0, 0.0, 0.0, 0.0, 0.0, 0.0]",scheduled_hold
2022-05-02,462,False,"[0.0, 0.0, 0.0, 0.0, 0.0, 0.0, 0.0, 0.0, 0.0, 0.0, 0.0, 0.0, 0.0, 0.0, 0.0, 0.0, 0.0, 0.0, 0.0, 0.0, 0.0, 0.0, 0.0, 0.0, 0.0, 0.0, 0.0, 0.0]",scheduled_hold
2022-05-03,463,False,"[0.0, 0.0, 0.0, 0.0, 0.0, 0.0, 0.0, 0.0, 0.0, 0.0, 0.0, 0.0, 0.0, 0.0, 0.0, 0.0, 0.0, 0.0, 0.0, 0.0, 0.0, 0.0, 0.0, 0.0, 0.0, 0.0, 0.0, 0.0]",scheduled_hold
2022-05-04,464,False,"[0.0, 0.0, 0.0, 0.0, 0.0, 0.0, 0.0, 0.0, 0.0, 0.0, 0.0, 0.0, 0.0, 0.0, 0.0, 0.0, 0.0, 0.0, 0.0, 0.0, 0.0, 0.0, 0.0, 0.0, 0.0, 0.0, 0.0, 0.0]",scheduled_hold
2022-05-05,465,True,"[-0.769356906414032, 0.23576410114765167, -0.7916038036346436, 1.0, 1.0, -1.0, -1.0, -0.528117835521698, -0.3200085759162903, 0.7046964168548584, 1.0, 1.0, 0.21957023441791534, -1.0, 1.0, -0.4435485899448395, -1.0, 1.0, 0.0924106016755104, -1.0, -1.0, 1.0, -0.03601699694991112, 1.0, 0.20263053476810455, -1.0, -1.0, -1.0]",model_decision
2022-05-06,466,False,"[0.0, 0.0, 0.0, 0.0, 0.0, 0.0, 0.0, 0.0, 0.0, 0.0, 0.0, 0.0, 0.0, 0.0, 0.0, 0.0, 0.0, 0.0, 0.0, 0.0, 0.0, 0.0, 0.0, 0.0, 0.0, 0.0, 0.0, 0.0]",scheduled_hold
2022-05-09,467,False,"[0.0, 0.0, 0.0, 0.0, 0.0, 0.0, 0.0, 0.0, 0.0, 0.0, 0.0, 0.0, 0.0, 0.0, 0.0, 0.0, 0.0, 0.0, 0.0, 0.0, 0.0, 0.0, 0.0, 0.0, 0.0, 0.0, 0.0, 0.0]",scheduled_hold
2022-05-10,468,False,"[0.0, 0.0, 0.0, 0.0, 0.0, 0.0, 0.0, 0.0, 0.0, 0.0, 0.0, 0.0, 0.0, 0.0, 0.0, 0.0, 0.0, 0.0, 0.0, 0.0, 0.0, 0.0, 0.0, 0.0, 0.0, 0.0, 0.0, 0.0]",scheduled_hold
2022-05-11,469,False,"[0.0, 0.0, 0.0, 0.0, 0.0, 0.0, 0.0, 0.0, 0.0, 0.0, 0.0, 0.0, 0.0, 0.0, 0.0, 0.0, 0.0, 0.0, 0.0, 0.0, 0.0, 0.0, 0.0, 0.0, 0.0, 0.0, 0.0, 0.0]",scheduled_hold
2022-05-12,470,True,"[-0.8204005360603333, 0.23597432672977448, -0.8377018570899963, 1.0, 0.9598183035850525, -1.0, -1.0, -0.6082066893577576, -0.35338646173477173, 0.6482223272323608, 1.0, 1.0, 0.15286661684513092, -1.0, 1.0, -0.503869354724884, -1.0, 1.0, 0.09095557779073715, -1.0, -1.0, 1.0, 0.0014092065393924713, 1.0, 0.14416804909706116, -1.0, -0.9691327214241028, -1.0]",model_decision
2022-05-13,471,False,"[0.0, 0.0, 0.0, 0.0, 0.0, 0.0, 0.0, 0.0, 0.0, 0.0, 0.0, 0.0, 0.0, 0.0, 0.0, 0.0, 0.0, 0.0, 0.0, 0.0, 0.0, 0.0, 0.0, 0.0, 0.0, 0.0, 0.0, 0.0]",scheduled_hold
2022-05-16,472,False,"[0.0, 0.0, 0.0, 0.0, 0.0, 0.0, 0.0, 0.0, 0.0, 0.0, 0.0, 0.0, 0.0, 0.0, 0.0, 0.0, 0.0, 0.0, 0.0, 0.0, 0.0, 0.0, 0.0, 0.0, 0.0, 0.0, 0.0, 0.0]",scheduled_hold
2022-05-17,473,False,"[0.0, 0.0, 0.0, 0.0, 0.0, 0.0, 0.0, 0.0, 0.0, 0.0, 0.0, 0.0, 0.0, 0.0, 0.0, 0.0, 0.0, 0.0, 0.0, 0.0, 0.0, 0.0, 0.0, 0.0, 0.0, 0.0, 0.0, 0.0]",scheduled_hold
2022-05-18,474,False,"[0.0, 0.0, 0.0, 0.0, 0.0, 0.0, 0.0, 0.0, 0.0, 0.0, 0.0, 0.0, 0.0, 0.0, 0.0, 0.0, 0.0, 0.0, 0.0, 0.0, 0.0, 0.0, 0.0, 0.0, 0.0, 0.0, 0.0, 0.0]",scheduled_hold
2022-05-19,475,True,"[-0.9188464283943176, 0.12107374519109726, -0.8258432149887085, 1.0, 0.9287167191505432, -1.0, -1.0, -0.6294209957122803, -0.25839295983314514, 0.527099609375, 1.0, 1.0, 0.09955909103155136, -1.0, 1.0, -0.5441376566886902, -1.0, 1.0, 0.13553041219711304, -1.0, -1.0, 1.0, 0.13563384115695953, 1.0, -0.058950867503881454, -1.0, -1.0, -0.7335802912712097]",model_decision
2022-05-20,476,False,"[0.0, 0.0, 0.0, 0.0, 0.0, 0.0, 0.0, 0.0, 0.0, 0.0, 0.0, 0.0, 0.0, 0.0, 0.0, 0.0, 0.0, 0.0, 0.0, 0.0, 0.0, 0.0, 0.0, 0.0, 0.0, 0.0, 0.0, 0.0]",scheduled_hold
2022-05-23,477,False,"[0.0, 0.0, 0.0, 0.0, 0.0, 0.0, 0.0, 0.0, 0.0, 0.0, 0.0, 0.0, 0.0, 0.0, 0.0, 0.0, 0.0, 0.0, 0.0, 0.0, 0.0, 0.0, 0.0, 0.0, 0.0, 0.0, 0.0, 0.0]",scheduled_hold
2022-05-24,478,False,"[0.0, 0.0, 0.0, 0.0, 0.0, 0.0, 0.0, 0.0, 0.0, 0.0, 0.0, 0.0, 0.0, 0.0, 0.0, 0.0, 0.0, 0.0, 0.0, 0.0, 0.0, 0.0, 0.0, 0.0, 0.0, 0.0, 0.0, 0.0]",scheduled_hold
2022-05-25,479,False,"[0.0, 0.0, 0.0, 0.0, 0.0, 0.0, 0.0, 0.0, 0.0, 0.0, 0.0, 0.0, 0.0, 0.0, 0.0, 0.0, 0.0, 0.0, 0.0, 0.0, 0.0, 0.0, 0.0, 0.0, 0.0, 0.0, 0.0, 0.0]",scheduled_hold
2022-05-26,480,True,"[-0.769356906414032, 0.23576410114765167, -0.7916038036346436, 1.0, 1.0, -1.0, -1.0, -0.528117835521698, -0.3200085759162903, 0.7046964168548584, 1.0, 1.0, 0.21957023441791534, -1.0, 1.0, -0.4435485899448395, -1.0, 1.0, 0.0924106016755104, -1.0, -1.0, 1.0, -0.03601699694991112, 1.0, 0.20263053476810455, -1.0, -1.0, -1.0]",model_decision
