date,step,decision_day,actions,status
2020-07-01,0,True,"[0.16192865371704102, -0.3020096719264984, -0.060390014201402664, -0.09830821305513382, -0.17684385180473328, 0.025599045678973198, -0.01584451086819172, 0.2698071002960205, -0.2286674827337265, -0.009636769071221352, 0.4475836157798767, 0.2798413038253784, 0.17344777286052704, -0.15371565520763397, 0.10317949950695038, -0.23919112980365753, 0.3446766138076782, 0.29927748441696167, -0.08323121815919876, 0.1007341742515564, 0.08077844977378845, 0.08655755966901779, 0.32211244106292725, 0.21075119078159332, 0.05995139479637146, -0.3099572956562042, 0.12079956382513046, 0.2720745801925659]",model_decision
2020-07-02,1,False,"[0.0, 0.0, 0.0, 0.0, 0.0, 0.0, 0.0, 0.0, 0.0, 0.0, 0.0, 0.0, 0.0, 0.0, 0.0, 0.0, 0.0, 0.0, 0.0, 0.0, 0.0, 0.0, 0.0, 0.0, 0.0, 0.0, 0.0, 0.0]",scheduled_hold
2020-07-06,2,False,"[0.0, 0.0, 0.0, 0.0, 0.0, 0.0, 0.0, 0.0, 0.0, 0.0, 0.0, 0.0, 0.0, 0.0, 0.0, 0.0, 0.0, 0.0, 0.0, 0.0, 0.0, 0.0, 0.0, 0.0, 0.0, 0.0, 0.0, 0.0]",scheduled_hold
2020-07-07,3,False,"[0.0, 0.0, 0.0, 0.0, 0.0, 0.0, 0.0, 0.0, 0.0, 0.0, 0.0, 0.0, 0.0, 0.0, 0.0, 0.0, 0.0, 0.0, 0.0, 0.0, 0.0, 0.0, 0.0, 0.0, 0.0, 0.0, 0.0, 0.0]",scheduled_hold
2020-07-08,4,False,"[0.0, 0.0, 0.0, 0.0, 0.0, 0.0, 0.0, 0.0, 0.0, 0.0, 0.0, 0.0, 0.0, 0.0, 0.0, 0.0, 0.0, 0.0, 0.0, 0.0, 0.0, 0.0, 0.0, 0.0, 0.0, 0.0, 0.0, 0.0]",scheduled_hold
2020-07-09,5,True,"[0.16192865371704102, -0.3020096719264984, -0.060390014201402664, -0.09830821305513382, -0.17684385180473328, 0.025599045678973198, -0.01584451086819172, 0.2698071002960205, -0.2286674827337265, -0.009636769071221352, 0.4475836157798767, 0.2798413038253784, 0.17344777286052704, -0.15371565520763397, 0.10317949950695038, -0.23919112980365753, 0.3446766138076782, 0.29927748441696167, -0.08323121815919876, 0.1007341742515564, 0.08077844977378845, 0.08655755966901779, 0.32211244106292725, 0.21075119078159332, 0.05995139479637146, -0.3099572956562042, 0.12079956382513046, 0.2720745801925659]",model_decision
2020-07-10,6,False,"[0.0, 0.0, 0.0, 0.0, 0.0, 0.0, 0.0, 0.0, 0.0, 0.0, 0.0, 0.0, 0.0, 0.0, 0.0, 0.0, 0.0, 0.0, 0.0, 0.0, 0.0, 0.0, 0.0, 0.0, 0.0, 0.0, 0.0, 0.0]",scheduled_hold
2020-07-13,7,False,"[0.0, 0.0, 0.0, 0.0, 0.0, 0.0, 0.0, 0.0, 0.0, 0.0, 0.0, 0.0, 0.0, 0.0, 0.0, 0.0, 0.0, 0.0, 0.0, 0.0, 0.0, 0.0, 0.0, 0.0, 0.0, 0.0, 0.0, 0.0]",scheduled_hold
2020-07-14,8,False,"[0.0, 0.0, 0.0, 0.0, 0.0, 0.0, 0.0, 0.0, 0.0, 0.0, 0.0, 0.0, 0.0, 0.0, 0.0, 0.0, 0.0, 0.0, 0.0, 0.0, 0.0, 0.0, 0.0, 0.0, 0.0, 0.0, 0.0, 0.0]",scheduled_hold
2020-07-15,9,False,"[0.0, 0.0, 0.0, 0.0, 0.0, 0.0, 0.0, 0.0, 0.0, 0.0, 0.0, 0.0, 0.0, 0.0, 0.0, 0.0, 0.0, 0.0, 0.0, 0.0, 0.0, 0.0, 0.0, 0.0, 0.0, 0.0, 0.0, 0.0]",scheduled_hold
2020-07-16,10,True,"[0.16192865371704102, -0.3020096719264984, -0.060390014201402664, -0.09830821305513382, -0.17684385180473328, 0.025599045678973198, -0.01584451086819172, 0.2698071002960205, -0.2286674827337265, -0.009636769071221352, 0.4475836157798767, 0.2798413038253784, 0.17344777286052704, -0.15371565520763397, 0.10317949950695038, -0.23919112980365753, 0.3446766138076782, 0.29927748441696167, -0.08323121815919876, 0.1007341742515564, 0.08077844977378845, 0.08655755966901779, 0.32211244106292725, 0.21075119078159332, 0.05995139479637146, -0.3099572956562042, 0.12079956382513046, 0.2720745801925659]",model_decision
2020-07-17,11,False,"[0.0, 0.0, 0.0, 0.0, 0.0, 0.0, 0.0, 0.0, 0.0, 0.0, 0.0, 0.0, 0.0, 0.0, 0.0, 0.0, 0.0, 0.0, 0.0, 0.0, 0.0, 0.0, 0.0, 0.0, 0.0, 0.0, 0.0, 0.0]",scheduled_hold
2020-07-20,12,False,"[0.0, 0.0, 0.0, 0.0, 0.0, 0.0, 0.0, 0.0, 0.0, 0.0, 0.0, 0.0, 0.0, 0.0, 0.0, 0.0, 0.0, 0.0, 0.0, 0.0, 0.0, 0.0, 0.0, 0.0, 0.0, 0.0, 0.0, 0.0]",scheduled_hold
2020-07-21,13,False,"[0.0, 0.0, 0.0, 0.0, 0.0, 0.0, 0.0, 0.0, 0.0, 0.0, 0.0, 0.0, 0.0, 0.0, 0.0, 0.0, 0.0, 0.0, 0.0, 0.0, 0.0, 0.0, 0.0, 0.0, 0.0, 0.0, 0.0, 0.0]",scheduled_hold
2020-07-22,14,False,"[0.0, 0.0, 0.0, 0.0, 0.0, 0.0, 0.0, 0.0, 0.0, 0.0, 0.0, 0.0, 0.0, 0.0, 0.0, 0.0, 0.0, 0.0, 0.0, 0.0, 0.0, 0.0, 0.0, 0.0, 0.0, 0.0, 0.0, 0.0]",scheduled_hold
2020-07-23,15,True,"[0.16192865371704102, -0.3020096719264984, -0.060390014201402664, -0.09830821305513382, -0.17684385180473328, 0.025599045678973198, -0.01584451086819172, 0.2698071002960205, -0.2286674827337265, -0.009636769071221352, 0.4475836157798767, 0.2798413038253784, 0.17344777286052704, -0.15371565520763397, 0.10317949950695038, -0.23919112980365753, 0.3446766138076782, 0.29927748441696167, -0.08323121815919876, 0.1007341742515564, 0.08077844977378845, 0.08655755966901779, 0.32211244106292725, 0.21075119078159332, 0.05995139479637146, -0.3099572956562042, 0.12079956382513046, 0.2720745801925659]",model_decision
2020-07-24,16,False,"[0.0, 0.0, 0.0, 0.0, 0.0, 0.0, 0.0, 0.0, 0.0, 0.0, 0.0, 0.0, 0.0, 0.0, 0.0, 0.0, 0.0, 0.0, 0.0, 0.0, 0.0, 0.0, 0.0, 0.0, 0.0, 0.0, 0.0, 0.0]",scheduled_hold
2020-07-27,17,False,"[0.0, 0.0, 0.0, 0.0, 0.0, 0.0, 0.0, 0.0, 0.0, 0.0, 0.0, 0.0, 0.0, 0.0, 0.0, 0.0, 0.0, 0.0, 0.0, 0.0, 0.0, 0.0, 0.0, 0.0, 0.0, 0.0, 0.0, 0.0]",scheduled_hold
2020-07-28,18,False,"[0.0, 0.0, 0.0, 0.0, 0.0, 0.0, 0.0, 0.0, 0.0, 0.0, 0.0, 0.0, 0.0, 0.0, 0.0, 0.0, 0.0, 0.0, 0.0, 0.0, 0.0, 0.0, 0.0, 0.0, 0.0, 0.0, 0.0, 0.0]",scheduled_hold
2020-07-29,19,False,"[0.0, 0.0, 0.0, 0.0, 0.0, 0.0, 0.0, 0.0, 0.0, 0.0, 0.0, 0.0, 0.0, 0.0, 0.0, 0.0, 0.0, 0.0, 0.0, 0.0, 0.0, 0.0, 0.0, 0.0, 0.0, 0.0, 0.0, 0.0]",scheduled_hold
2020-07-30,20,True,"[0.16192865371704102, -0.3020096719264984, -0.060390014201402664, -0.09830821305513382, -0.17684385180473328, 0.025599045678973198, -0.01584451086819172, 0.2698071002960205, -0.2286674827337265, -0.009636769071221352, 0.4475836157798767, 0.2798413038253784, 0.17344777286052704, -0.15371565520763397, 0.10317949950695038, -0.23919112980365753, 0.3446766138076782, 0.29927748441696167, -0.08323121815919876, 0.1007341742515564, 0.08077844977378845, 0.08655755966901779, 0.32211244106292725, 0.21075119078159332, 0.05995139479637146, -0.3099572956562042, 0.12079956382513046, 0.2720745801925659]",model_decision
2020-07-31,21,False,"[0.0, 0.0, 0.0, 0.0, 0.0, 0.0, 0.0, 0.0, 0.0, 0.0, 0.0, 0.0, 0.0, 0.0, 0.0, 0.0, 0.0, 0.0, 0.0, 0.0, 0.0, 0.0, 0.0, 0.0, 0.0, 0.0, 0.0, 0.0]",scheduled_hold
2020-08-03,22,False,"[0.0, 0.0, 0.0, 0.0, 0.0, 0.0, 0.0, 0.0, 0.0, 0.0, 0.0, 0.0, 0.0, 0.0, 0.0, 0.0, 0.0, 0.0, 0.0, 0.0, 0.0, 0.0, 0.0, 0.0, 0.0, 0.0, 0.0, 0.0]",scheduled_hold
2020-08-04,23,False,"[0.0, 0.0, 0.0, 0.0, 0.0, 0.0, 0.0, 0.0, 0.0, 0.0, 0.0, 0.0, 0.0, 0.0, 0.0, 0.0, 0.0, 0.0, 0.0, 0.0, 0.0, 0.0, 0.0, 0.0, 0.0, 0.0, 0.0, 0.0]",scheduled_hold
2020-08-05,24,False,"[0.0, 0.0, 0.0, 0.0, 0.0, 0.0, 0.0, 0.0, 0.0, 0.0, 0.0, 0.0, 0.0, 0.0, 0.0, 0.0, 0.0, 0.0, 0.0, 0.0, 0.0, 0.0, 0.0, 0.0, 0.0, 0.0, 0.0, 0.0]",scheduled_hold
2020-08-06,25,True,"[0.16192865371704102, -0.3020096719264984, -0.060390014201402664, -0.09830821305513382, -0.17684385180473328, 0.025599045678973198, -0.01584451086819172, 0.2698071002960205, -0.2286674827337265, -0.009636769071221352, 0.4475836157798767, 0.2798413038253784, 0.17344777286052704, -0.15371565520763397, 0.10317949950695038, -0.23919112980365753, 0.3446766138076782, 0.29927748441696167, -0.08323121815919876, 0.1007341742515564, 0.08077844977378845, 0.08655755966901779, 0.32211244106292725, 0.21075119078159332, 0.05995139479637146, -0.3099572956562042, 0.12079956382513046, 0.2720745801925659]",model_decision
2020-08-07,26,False,"[0.0, 0.0, 0.0, 0.0, 0.0, 0.0, 0.0, 0.0, 0.0, 0.0, 0.0, 0.0, 0.0, 0.0, 0.0, 0.0, 0.0, 0.0, 0.0, 0.0, 0.0, 0.0, 0.0, 0.0, 0.0, 0.0, 0.0, 0.0]",scheduled_hold
2020-08-10,27,False,"[0.0, 0.0, 0.0, 0.0, 0.0, 0.0, 0.0, 0.0, 0.0, 0.0, 0.0, 0.0, 0.0, 0.0, 0.0, 0.0, 0.0, 0.0, 0.0, 0.0, 0.0, 0.0, 0.0, 0.0, 0.0, 0.0, 0.0, 0.0]",scheduled_hold
2020-08-11,28,False,"[0.0, 0.0, 0.0, 0.0, 0.0, 0.0, 0.0, 0.0, 0.0, 0.0, 0.0, 0.0, 0.0, 0.0, 0.0, 0.0, 0.0, 0.0, 0.0, 0.0, 0.0, 0.0, 0.0, 0.0, 0.0, 0.0, 0.0, 0.0]",scheduled_hold
2020-08-12,29,False,"[0.0, 0.0, 0.0, 0.0, 0.0, 0.0, 0.0, 0.0, 0.0, 0.0, 0.0, 0.0, 0.0, 0.0, 0.0, 0.0, 0.0, 0.0, 0.0, 0.0, 0.0, 0.0, 0.0, 0.0, 0.0, 0.0, 0.0, 0.0]",scheduled_hold
2020-08-13,30,True,"[0.16192865371704102, -0.3020096719264984, -0.060390014201402664, -0.09830821305513382, -0.17684385180473328, 0.025599045678973198, -0.01584451086819172, 0.2698071002960205, -0.2286674827337265, -0.009636769071221352, 0.4475836157798767, 0.2798413038253784, 0.17344777286052704, -0.15371565520763397, 0.10317949950695038, -0.23919112980365753, 0.3446766138076782, 0.29927748441696167, -0.08323121815919876, 0.1007341742515564, 0.08077844977378845, 0.08655755966901779, 0.32211244106292725, 0.21075119078159332, 0.05995139479637146, -0.3099572956562042, 0.12079956382513046, 0.2720745801925659]",model_decision
2020-08-14,31,False,"[0.0, 0.0, 0.0, 0.0, 0.0, 0.0, 0.0, 0.0, 0.0, 0.0, 0.0, 0.0, 0.0, 0.0, 0.0, 0.0, 0.0, 0.0, 0.0, 0.0, 0.0, 0.0, 0.0, 0.0, 0.0, 0.0, 0.0, 0.0]",scheduled_hold
2020-08-17,32,False,"[0.0, 0.0, 0.0, 0.0, 0.0, 0.0, 0.0, 0.0, 0.0, 0.0, 0.0, 0.0, 0.0, 0.0, 0.0, 0.0, 0.0, 0.0, 0.0, 0.0, 0.0, 0.0, 0.0, 0.0, 0.0, 0.0, 0.0, 0.0]",scheduled_hold
2020-08-18,33,False,"[0.0, 0.0, 0.0, 0.0, 0.0, 0.0, 0.0, 0.0, 0.0, 0.0, 0.0, 0.0, 0.0, 0.0, 0.0, 0.0, 0.0, 0.0, 0.0, 0.0, 0.0, 0.0, 0.0, 0.0, 0.0, 0.0, 0.0, 0.0]",scheduled_hold
2020-08-19,34,False,"[0.0, 0.0, 0.0, 0.0, 0.0, 0.0, 0.0, 0.0, 0.0, 0.0, 0.0, 0.0, 0.0, 0.0, 0.0, 0.0, 0.0, 0.0, 0.0, 0.0, 0.0, 0.0, 0.0, 0.0, 0.0, 0.0, 0.0, 0.0]",scheduled_hold
2020-08-20,35,True,"[0.16192865371704102, -0.3020096719264984, -0.060390014201402664, -0.09830821305513382, -0.17684385180473328, 0.025599045678973198, -0.01584451086819172, 0.2698071002960205, -0.2286674827337265, -0.009636769071221352, 0.4475836157798767, 0.2798413038253784, 0.17344777286052704, -0.15371565520763397, 0.10317949950695038, -0.23919112980365753, 0.3446766138076782, 0.29927748441696167, -0.08323121815919876, 0.1007341742515564, 0.08077844977378845, 0.08655755966901779, 0.32211244106292725, 0.21075119078159332, 0.05995139479637146, -0.3099572956562042, 0.12079956382513046, 0.2720745801925659]",model_decision
2020-08-21,36,False,"[0.0, 0.0, 0.0, 0.0, 0.0, 0.0, 0.0, 0.0, 0.0, 0.0, 0.0, 0.0, 0.0, 0.0, 0.0, 0.0, 0.0, 0.0, 0.0, 0.0, 0.0, 0.0, 0.0, 0.0, 0.0, 0.0, 0.0, 0.0]",scheduled_hold
2020-08-24,37,False,"[0.0, 0.0, 0.0, 0.0, 0.0, 0.0, 0.0, 0.0, 0.0, 0.0, 0.0, 0.0, 0.0, 0.0, 0.0, 0.0, 0.0, 0.0, 0.0, 0.0, 0.0, 0.0, 0.0, 0.0, 0.0, 0.0, 0.0, 0.0]",scheduled_hold
2020-08-25,38,False,"[0.0, 0.0, 0.0, 0.0, 0.0, 0.0, 0.0, 0.0, 0.0, 0.0, 0.0, 0.0, 0.0, 0.0, 0.0, 0.0, 0.0, 0.0, 0.0, 0.0, 0.0, 0.0, 0.0, 0.0, 0.0, 0.0, 0.0, 0.0]",scheduled_hold
2020-08-26,39,False,"[0.0, 0.0, 0.0, 0.0, 0.0, 0.0, 0.0, 0.0, 0.0, 0.0, 0.0, 0.0, 0.0, 0.0, 0.0, 0.0, 0.0, 0.0, 0.0, 0.0, 0.0, 0.0, 0.0, 0.0, 0.0, 0.0, 0.0, 0.0]",scheduled_hold
2020-08-27,40,True,"[0.16192865371704102, -0.3020096719264984, -0.060390014201402664, -0.09830821305513382, -0.17684385180473328, 0.025599045678973198, -0.01584451086819172, 0.2698071002960205, -0.2286674827337265, -0.009636769071221352, 0.4475836157798767, 0.2798413038253784, 0.17344777286052704, -0.15371565520763397, 0.10317949950695038, -0.23919112980365753, 0.3446766138076782, 0.29927748441696167, -0.08323121815919876, 0.1007341742515564, 0.08077844977378845, 0.08655755966901779, 0.32211244106292725, 0.21075119078159332, 0.05995139479637146, -0.3099572956562042, 0.12079956382513046, 0.2720745801925659]",model_decision
2020-08-28,41,False,"[0.0, 0.0, 0.0, 0.0, 0.0, 0.0, 0.0, 0.0, 0.0, 0.0, 0.0, 0.0, 0.0, 0.0, 0.0, 0.0, 0.0, 0.0, 0.0, 0.0, 0.0, 0.0, 0.0, 0.0, 0.0, 0.0, 0.0, 0.0]",scheduled_hold
2020-08-31,42,False,"[0.0, 0.0, 0.0, 0.0, 0.0, 0.0, 0.0, 0.0, 0.0, 0.0, 0.0, 0.0, 0.0, 0.0, 0.0, 0.0, 0.0, 0.0, 0.0, 0.0, 0.0, 0.0, 0.0, 0.0, 0.0, 0.0, 0.0, 0.0]",scheduled_hold
2020-09-01,43,False,"[0.0, 0.0, 0.0, 0.0, 0.0, 0.0, 0.0, 0.0, 0.0, 0.0, 0.0, 0.0, 0.0, 0.0, 0.0, 0.0, 0.0, 0.0, 0.0, 0.0, 0.0, 0.0, 0.0, 0.0, 0.0, 0.0, 0.0, 0.0]",scheduled_hold
2020-09-02,44,False,"[0.0, 0.0, 0.0, 0.0, 0.0, 0.0, 0.0, 0.0, 0.0, 0.0, 0.0, 0.0, 0.0, 0.0, 0.0, 0.0, 0.0, 0.0, 0.0, 0.0, 0.0, 0.0, 0.0, 0.0, 0.0, 0.0, 0.0, 0.0]",scheduled_hold
2020-09-03,45,True,"[0.16192865371704102, -0.3020096719264984, -0.060390014201402664, -0.09830821305513382, -0.17684385180473328, 0.025599045678973198, -0.01584451086819172, 0.2698071002960205, -0.2286674827337265, -0.009636769071221352, 0.4475836157798767, 0.2798413038253784, 0.17344777286052704, -0.15371565520763397, 0.10317949950695038, -0.23919112980365753, 0.3446766138076782, 0.29927748441696167, -0.08323121815919876, 0.1007341742515564, 0.08077844977378845, 0.08655755966901779, 0.32211244106292725, 0.21075119078159332, 0.05995139479637146, -0.3099572956562042, 0.12079956382513046, 0.2720745801925659]",model_decision
2020-09-04,46,False,"[0.0, 0.0, 0.0, 0.0, 0.0, 0.0, 0.0, 0.0, 0.0, 0.0, 0.0, 0.0, 0.0, 0.0, 0.0, 0.0, 0.0, 0.0, 0.0, 0.0, 0.0, 0.0, 0.0, 0.0, 0.0, 0.0, 0.0, 0.0]",scheduled_hold
2020-09-08,47,False,"[0.0, 0.0, 0.0, 0.0, 0.0, 0.0, 0.0, 0.0, 0.0, 0.0, 0.0, 0.0, 0.0, 0.0, 0.0, 0.0, 0.0, 0.0, 0.0, 0.0, 0.0, 0.0, 0.0, 0.0, 0.0, 0.0, 0.0, 0.0]",scheduled_hold
2020-09-09,48,False,"[0.0, 0.0, 0.0, 0.0, 0.0, 0.0, 0.0, 0.0, 0.0, 0.0, 0.0, 0.0, 0.0, 0.0, 0.0, 0.0, 0.0, 0.0, 0.0, 0.0, 0.0, 0.0, 0.0, 0.0, 0.0, 0.0, 0.0, 0.0]",scheduled_hold
2020-09-10,49,False,"[0.0, 0.0, 0.0, 0.0, 0.0, 0.0, 0.0, 0.0, 0.0, 0.0, 0.0, 0.0, 0.0, 0.0, 0.0, 0.0, 0.0, 0.0, 0.0, 0.0, 0.0, 0.0, 0.0, 0.0, 0.0, 0.0, 0.0, 0.0]",scheduled_hold
2020-09-11,50,True,"[0.16192865371704102, -0.3020096719264984, -0.060390014201402664, -0.09830821305513382, -0.17684385180473328, 0.025599045678973198, -0.01584451086819172, 0.2698071002960205, -0.2286674827337265, -0.009636769071221352, 0.4475836157798767, 0.2798413038253784, 0.17344777286052704, -0.15371565520763397, 0.10317949950695038, -0.23919112980365753, 0.3446766138076782, 0.29927748441696167, -0.08323121815919876, 0.1007341742515564, 0.08077844977378845, 0.08655755966901779, 0.32211244106292725, 0.21075119078159332, 0.05995139479637146, -0.3099572956562042, 0.12079956382513046, 0.2720745801925659]",model_decision
2020-09-14,51,False,"[0.0, 0.0, 0.0, 0.0, 0.0, 0.0, 0.0, 0.0, 0.0, 0.0, 0.0, 0.0, 0.0, 0.0, 0.0, 0.0, 0.0, 0.0, 0.0, 0.0, 0.0, 0.0, 0.0, 0.0, 0.0, 0.0, 0.0, 0.0]",scheduled_hold
2020-09-15,52,False,"[0.0, 0.0, 0.0, 0.0, 0.0, 0.0, 0.0, 0.0, 0.0, 0.0, 0.0, 0.0, 0.0, 0.0, 0.0, 0.0, 0.0, 0.0, 0.0, 0.0, 0.0, 0.0, 0.0, 0.0, 0.0, 0.0, 0.0, 0.0]",scheduled_hold
2020-09-16,53,False,"[0.0, 0.0, 0.0, 0.0, 0.0, 0.0, 0.0, 0.0, 0.0, 0.0, 0.0, 0.0, 0.0, 0.0, 0.0, 0.0, 0.0, 0.0, 0.0, 0.0, 0.0, 0.0, 0.0, 0.0, 0.0, 0.0, 0.0, 0.0]",scheduled_hold
2020-09-17,54,False,"[0.0, 0.0, 0.0, 0.0, 0.0, 0.0, 0.0, 0.0, 0.0, 0.0, 0.0, 0.0, 0.0, 0.0, 0.0, 0.0, 0.0, 0.0, 0.0, 0.0, 0.0, 0.0, 0.0, 0.0, 0.0, 0.0, 0.0, 0.0]",scheduled_hold
2020-09-18,55,True,"[0.16192865371704102, -0.3020096719264984, -0.060390014201402664, -0.09830821305513382, -0.17684385180473328, 0.025599045678973198, -0.01584451086819172, 0.2698071002960205, -0.2286674827337265, -0.009636769071221352, 0.4475836157798767, 0.2798413038253784, 0.17344777286052704, -0.15371565520763397, 0.10317949950695038, -0.23919112980365753, 0.3446766138076782, 0.29927748441696167, -0.08323121815919876, 0.1007341742515564, 0.08077844977378845, 0.08655755966901779, 0.32211244106292725, 0.21075119078159332, 0.05995139479637146, -0.3099572956562042, 0.12079956382513046, 0.2720745801925659]",model_decision
2020-09-21,56,False,"[0.0, 0.0, 0.0, 0.0, 0.0, 0.0, 0.0, 0.0, 0.0, 0.0, 0.0, 0.0, 0.0, 0.0, 0.0, 0.0, 0.0, 0.0, 0.0, 0.0, 0.0, 0.0, 0.0, 0.0, 0.0, 0.0, 0.0, 0.0]",scheduled_hold
2020-09-22,57,False,"[0.0, 0.0, 0.0, 0.0, 0.0, 0.0, 0.0, 0.0, 0.0, 0.0, 0.0, 0.0, 0.0, 0.0, 0.0, 0.0, 0.0, 0.0, 0.0, 0.0, 0.0, 0.0, 0.0, 0.0, 0.0, 0.0, 0.0, 0.0]",scheduled_hold
2020-09-23,58,False,"[0.0, 0.0, 0.0, 0.0, 0.0, 0.0, 0.0, 0.0, 0.0, 0.0, 0.0, 0.0, 0.0, 0.0, 0.0, 0.0, 0.0, 0.0, 0.0, 0.0, 0.0, 0.0, 0.0, 0.0, 0.0, 0.0, 0.0, 0.0]",scheduled_hold
2020-09-24,59,False,"[0.0, 0.0, 0.0, 0.0, 0.0, 0.0, 0.0, 0.0, 0.0, 0.0, 0.0, 0.0, 0.0, 0.0, 0.0, 0.0, 0.0, 0.0, 0.0, 0.0, 0.0, 0.0, 0.0, 0.0, 0.0, 0.0, 0.0, 0.0]",scheduled_hold
2020-09-25,60,True,"[0.16192865371704102, -0.3020096719264984, -0.060390014201402664, -0.09830821305513382, -0.17684385180473328, 0.025599045678973198, -0.01584451086819172, 0.2698071002960205, -0.2286674827337265, -0.009636769071221352, 0.4475836157798767, 0.2798413038253784, 0.17344777286052704, -0.15371565520763397, 0.10317949950695038, -0.23919112980365753, 0.3446766138076782, 0.29927748441696167, -0.08323121815919876, 0.1007341742515564, 0.08077844977378845, 0.08655755966901779, 0.32211244106292725, 0.21075119078159332, 0.05995139479637146, -0.3099572956562042, 0.12079956382513046, 0.2720745801925659]",model_decision
2020-09-28,61,False,"[0.0, 0.0, 0.0, 0.0, 0.0, 0.0, 0.0, 0.0, 0.0, 0.0, 0.0, 0.0, 0.0, 0.0, 0.0, 0.0, 0.0, 0.0, 0.0, 0.0, 0.0, 0.0, 0.0, 0.0, 0.0, 0.0, 0.0, 0.0]",scheduled_hold
2020-09-29,62,False,"[0.0, 0.0, 0.0, 0.0, 0.0, 0.0, 0.0, 0.0, 0.0, 0.0, 0.0, 0.0, 0.0, 0.0, 0.0, 0.0, 0.0, 0.0, 0.0, 0.0, 0.0, 0.0, 0.0, 0.0, 0.0, 0.0, 0.0, 0.0]",scheduled_hold
2020-09-30,63,False,"[0.0, 0.0, 0.0, 0.0, 0.0, 0.0, 0.0, 0.0, 0.0, 0.0, 0.0, 0.0, 0.0, 0.0, 0.0, 0.0, 0.0, 0.0, 0.0, 0.0, 0.0, 0.0, 0.0, 0.0, 0.0, 0.0, 0.0, 0.0]",scheduled_hold
2020-10-01,64,False,"[0.0, 0.0, 0.0, 0.0, 0.0, 0.0, 0.0, 0.0, 0.0, 0.0, 0.0, 0.0, 0.0, 0.0, 0.0, 0.0, 0.0, 0.0, 0.0, 0.0, 0.0, 0.0, 0.0, 0.0, 0.0, 0.0, 0.0, 0.0]",scheduled_hold
2020-10-02,65,True,"[0.16192865371704102, -0.3020096719264984, -0.060390014201402664, -0.09830821305513382, -0.17684385180473328, 0.025599045678973198, -0.01584451086819172, 0.2698071002960205, -0.2286674827337265, -0.009636769071221352, 0.4475836157798767, 0.2798413038253784, 0.17344777286052704, -0.15371565520763397, 0.10317949950695038, -0.23919112980365753, 0.3446766138076782, 0.29927748441696167, -0.08323121815919876, 0.1007341742515564, 0.08077844977378845, 0.08655755966901779, 0.32211244106292725, 0.21075119078159332, 0.05995139479637146, -0.3099572956562042, 0.12079956382513046, 0.2720745801925659]",model_decision
2020-10-05,66,False,"[0.0, 0.0, 0.0, 0.0, 0.0, 0.0, 0.0, 0.0, 0.0, 0.0, 0.0, 0.0, 0.0, 0.0, 0.0, 0.0, 0.0, 0.0, 0.0, 0.0, 0.0, 0.0, 0.0, 0.0, 0.0, 0.0, 0.0, 0.0]",scheduled_hold
2020-10-06,67,False,"[0.0, 0.0, 0.0, 0.0, 0.0, 0.0, 0.0, 0.0, 0.0, 0.0, 0.0, 0.0, 0.0, 0.0, 0.0, 0.0, 0.0, 0.0, 0.0, 0.0, 0.0, 0.0, 0.0, 0.0, 0.0, 0.0, 0.0, 0.0]",scheduled_hold
2020-10-07,68,False,"[0.0, 0.0, 0.0, 0.0, 0.0, 0.0, 0.0, 0.0, 0.0, 0.0, 0.0, 0.0, 0.0, 0.0, 0.0, 0.0, 0.0, 0.0, 0.0, 0.0, 0.0, 0.0, 0.0, 0.0, 0.0, 0.0, 0.0, 0.0]",scheduled_hold
2020-10-08,69,False,"[0.0, 0.0, 0.0, 0.0, 0.0, 0.0, 0.0, 0.0, 0.0, 0.0, 0.0, 0.0, 0.0, 0.0, 0.0, 0.0, 0.0, 0.0, 0.0, 0.0, 0.0, 0.0, 0.0, 0.0, 0.0, 0.0, 0.0, 0.0]",scheduled_hold
2020-10-09,70,True,"[0.16192865371704102, -0.3020096719264984, -0.060390014201402664, -0.09830821305513382, -0.17684385180473328, 0.025599045678973198, -0.01584451086819172, 0.2698071002960205, -0.2286674827337265, -0.009636769071221352, 0.4475836157798767, 0.2798413038253784, 0.17344777286052704, -0.15371565520763397, 0.10317949950695038, -0.23919112980365753, 0.3446766138076782, 0.29927748441696167, -0.08323121815919876, 0.1007341742515564, 0.08077844977378845, 0.08655755966901779, 0.32211244106292725, 0.21075119078159332, 0.05995139479637146, -0.3099572956562042, 0.12079956382513046, 0.2720745801925659]",model_decision
2020-10-12,71,False,"[0.0, 0.0, 0.0, 0.0, 0.0, 0.0, 0.0, 0.0, 0.0, 0.0, 0.0, 0.0, 0.0, 0.0, 0.0, 0.0, 0.0, 0.0, 0.0, 0.0, 0.0, 0.0, 0.0, 0.0, 0.0, 0.0, 0.0, 0.0]",scheduled_hold
2020-10-13,72,False,"[0.0, 0.0, 0.0, 0.0, 0.0, 0.0, 0.0, 0.0, 0.0, 0.0, 0.0, 0.0, 0.0, 0.0, 0.0, 0.0, 0.0, 0.0, 0.0, 0.0, 0.0, 0.0, 0.0, 0.0, 0.0, 0.0, 0.0, 0.0]",scheduled_hold
2020-10-14,73,False,"[0.0, 0.0, 0.0, 0.0, 0.0, 0.0, 0.0, 0.0, 0.0, 0.0, 0.0, 0.0, 0.0, 0.0, 0.0, 0.0, 0.0, 0.0, 0.0, 0.0, 0.0, 0.0, 0.0, 0.0, 0.0, 0.0, 0.0, 0.0]",scheduled_hold
2020-10-15,74,False,"[0.0, 0.0, 0.0, 0.0, 0.0, 0.0, 0.0, 0.0, 0.0, 0.0, 0.0, 0.0, 0.0, 0.0, 0.0, 0.0, 0.0, 0.0, 0.0, 0.0, 0.0, 0.0, 0.0, 0.0, 0.0, 0.0, 0.0, 0.0]",scheduled_hold
2020-10-16,75,True,"[0.16192865371704102, -0.3020096719264984, -0.060390014201402664, -0.09830821305513382, -0.17684385180473328, 0.025599045678973198, -0.01584451086819172, 0.2698071002960205, -0.2286674827337265, -0.009636769071221352, 0.4475836157798767, 0.2798413038253784, 0.17344777286052704, -0.15371565520763397, 0.10317949950695038, -0.23919112980365753, 0.3446766138076782, 0.29927748441696167, -0.08323121815919876, 0.1007341742515564, 0.08077844977378845, 0.08655755966901779, 0.32211244106292725, 0.21075119078159332, 0.05995139479637146, -0.3099572956562042, 0.12079956382513046, 0.2720745801925659]",model_decision
2020-10-19,76,False,"[0.0, 0.0, 0.0, 0.0, 0.0, 0.0, 0.0, 0.0, 0.0, 0.0, 0.0, 0.0, 0.0, 0.0, 0.0, 0.0, 0.0, 0.0, 0.0, 0.0, 0.0, 0.0, 0.0, 0.0, 0.0, 0.0, 0.0, 0.0]",scheduled_hold
2020-10-20,77,False,"[0.0, 0.0, 0.0, 0.0, 0.0, 0.0, 0.0, 0.0, 0.0, 0.0, 0.0, 0.0, 0.0, 0.0, 0.0, 0.0, 0.0, 0.0, 0.0, 0.0, 0.0, 0.0, 0.0, 0.0, 0.0, 0.0, 0.0, 0.0]",scheduled_hold
2020-10-21,78,False,"[0.0, 0.0, 0.0, 0.0, 0.0, 0.0, 0.0, 0.0, 0.0, 0.0, 0.0, 0.0, 0.0, 0.0, 0.0, 0.0, 0.0, 0.0, 0.0, 0.0, 0.0, 0.0, 0.0, 0.0, 0.0, 0.0, 0.0, 0.0]",scheduled_hold
2020-10-22,79,False,"[0.0, 0.0, 0.0, 0.0, 0.0, 0.0, 0.0, 0.0, 0.0, 0.0, 0.0, 0.0, 0.0, 0.0, 0.0, 0.0, 0.0, 0.0, 0.0, 0.0, 0.0, 0.0, 0.0, 0.0, 0.0, 0.0, 0.0, 0.0]",scheduled_hold
2020-10-23,80,True,"[0.16192865371704102, -0.3020096719264984, -0.060390014201402664, -0.09830821305513382, -0.17684385180473328, 0.025599045678973198, -0.01584451086819172, 0.2698071002960205, -0.2286674827337265, -0.009636769071221352, 0.4475836157798767, 0.2798413038253784, 0.17344777286052704, -0.15371565520763397, 0.10317949950695038, -0.23919112980365753, 0.3446766138076782, 0.29927748441696167, -0.08323121815919876, 0.1007341742515564, 0.08077844977378845, 0.08655755966901779, 0.32211244106292725, 0.21075119078159332, 0.05995139479637146, -0.3099572956562042, 0.12079956382513046, 0.2720745801925659]",model_decision
2020-10-26,81,False,"[0.0, 0.0, 0.0, 0.0, 0.0, 0.0, 0.0, 0.0, 0.0, 0.0, 0.0, 0.0, 0.0, 0.0, 0.0, 0.0, 0.0, 0.0, 0.0, 0.0, 0.0, 0.0, 0.0, 0.0, 0.0, 0.0, 0.0, 0.0]",scheduled_hold
2020-10-27,82,False,"[0.0, 0.0, 0.0, 0.0, 0.0, 0.0, 0.0, 0.0, 0.0, 0.0, 0.0, 0.0, 0.0, 0.0, 0.0, 0.0, 0.0, 0.0, 0.0, 0.0, 0.0, 0.0, 0.0, 0.0, 0.0, 0.0, 0.0, 0.0]",scheduled_hold
2020-10-28,83,False,"[0.0, 0.0, 0.0, 0.0, 0.0, 0.0, 0.0, 0.0, 0.0, 0.0, 0.0, 0.0, 0.0, 0.0, 0.0, 0.0, 0.0, 0.0, 0.0, 0.0, 0.0, 0.0, 0.0, 0.0, 0.0, 0.0, 0.0, 0.0]",scheduled_hold
2020-10-29,84,False,"[0.0, 0.0, 0.0, 0.0, 0.0, 0.0, 0.0, 0.0, 0.0, 0.0, 0.0, 0.0, 0.0, 0.0, 0.0, 0.0, 0.0, 0.0, 0.0, 0.0, 0.0, 0.0, 0.0, 0.0, 0.0, 0.0, 0.0, 0.0]",scheduled_hold
2020-10-30,85,True,"[0.16192865371704102, -0.3020096719264984, -0.060390014201402664, -0.09830821305513382, -0.17684385180473328, 0.025599045678973198, -0.01584451086819172, 0.2698071002960205, -0.2286674827337265, -0.009636769071221352, 0.4475836157798767, 0.2798413038253784, 0.17344777286052704, -0.15371565520763397, 0.10317949950695038, -0.23919112980365753, 0.3446766138076782, 0.29927748441696167, -0.08323121815919876, 0.1007341742515564, 0.08077844977378845, 0.08655755966901779, 0.32211244106292725, 0.21075119078159332, 0.05995139479637146, -0.3099572956562042, 0.12079956382513046, 0.2720745801925659]",model_decision
2020-11-02,86,False,"[0.0, 0.0, 0.0, 0.0, 0.0, 0.0, 0.0, 0.0, 0.0, 0.0, 0.0, 0.0, 0.0, 0.0, 0.0, 0.0, 0.0, 0.0, 0.0, 0.0, 0.0, 0.0, 0.0, 0.0, 0.0, 0.0, 0.0, 0.0]",scheduled_hold
2020-11-03,87,False,"[0.0, 0.0, 0.0, 0.0, 0.0, 0.0, 0.0, 0.0, 0.0, 0.0, 0.0, 0.0, 0.0, 0.0, 0.0, 0.0, 0.0, 0.0, 0.0, 0.0, 0.0, 0.0, 0.0, 0.0, 0.0, 0.0, 0.0, 0.0]",scheduled_hold
2020-11-04,88,False,"[0.0, 0.0, 0.0, 0.0, 0.0, 0.0, 0.0, 0.0, 0.0, 0.0, 0.0, 0.0, 0.0, 0.0, 0.0, 0.0, 0.0, 0.0, 0.0, 0.0, 0.0, 0.0, 0.0, 0.0, 0.0, 0.0, 0.0, 0.0]",scheduled_hold
2020-11-05,89,False,"[0.0, 0.0, 0.0, 0.0, 0.0, 0.0, 0.0, 0.0, 0.0, 0.0, 0.0, 0.0, 0.0, 0.0, 0.0, 0.0, 0.0, 0.0, 0.0, 0.0, 0.0, 0.0, 0.0, 0.0, 0.0, 0.0, 0.0, 0.0]",scheduled_hold
2020-11-06,90,True,"[0.16192865371704102, -0.3020096719264984, -0.060390014201402664, -0.09830821305513382, -0.17684385180473328, 0.025599045678973198, -0.01584451086819172, 0.2698071002960205, -0.2286674827337265, -0.009636769071221352, 0.4475836157798767, 0.2798413038253784, 0.17344777286052704, -0.15371565520763397, 0.10317949950695038, -0.23919112980365753, 0.3446766138076782, 0.29927748441696167, -0.08323121815919876, 0.1007341742515564, 0.08077844977378845, 0.08655755966901779, 0.32211244106292725, 0.21075119078159332, 0.05995139479637146, -0.3099572956562042, 0.12079956382513046, 0.2720745801925659]",model_decision
2020-11-09,91,False,"[0.0, 0.0, 0.0, 0.0, 0.0, 0.0, 0.0, 0.0, 0.0, 0.0, 0.0, 0.0, 0.0, 0.0, 0.0, 0.0, 0.0, 0.0, 0.0, 0.0, 0.0, 0.0, 0.0, 0.0, 0.0, 0.0, 0.0, 0.0]",scheduled_hold
2020-11-10,92,False,"[0.0, 0.0, 0.0, 0.0, 0.0, 0.0, 0.0, 0.0, 0.0, 0.0, 0.0, 0.0, 0.0, 0.0, 0.0, 0.0, 0.0, 0.0, 0.0, 0.0, 0.0, 0.0, 0.0, 0.0, 0.0, 0.0, 0.0, 0.0]",scheduled_hold
2020-11-11,93,False,"[0.0, 0.0, 0.0, 0.0, 0.0, 0.0, 0.0, 0.0, 0.0, 0.0, 0.0, 0.0, 0.0, 0.0, 0.0, 0.0, 0.0, 0.0, 0.0, 0.0, 0.0, 0.0, 0.0, 0.0, 0.0, 0.0, 0.0, 0.0]",scheduled_hold
2020-11-12,94,False,"[0.0, 0.0, 0.0, 0.0, 0.0, 0.0, 0.0, 0.0, 0.0, 0.0, 0.0, 0.0, 0.0, 0.0, 0.0, 0.0, 0.0, 0.0, 0.0, 0.0, 0.0, 0.0, 0.0, 0.0, 0.0, 0.0, 0.0, 0.0]",scheduled_hold
2020-11-13,95,True,"[0.16192865371704102, -0.3020096719264984, -0.060390014201402664, -0.09830821305513382, -0.17684385180473328, 0.025599045678973198, -0.01584451086819172, 0.2698071002960205, -0.2286674827337265, -0.009636769071221352, 0.4475836157798767, 0.2798413038253784, 0.17344777286052704, -0.15371565520763397, 0.10317949950695038, -0.23919112980365753, 0.3446766138076782, 0.29927748441696167, -0.08323121815919876, 0.1007341742515564, 0.08077844977378845, 0.08655755966901779, 0.32211244106292725, 0.21075119078159332, 0.05995139479637146, -0.3099572956562042, 0.12079956382513046, 0.2720745801925659]",model_decision
2020-11-16,96,False,"[0.0, 0.0, 0.0, 0.0, 0.0, 0.0, 0.0, 0.0, 0.0, 0.0, 0.0, 0.0, 0.0, 0.0, 0.0, 0.0, 0.0, 0.0, 0.0, 0.0, 0.0, 0.0, 0.0, 0.0, 0.0, 0.0, 0.0, 0.0]",scheduled_hold
2020-11-17,97,False,"[0.0, 0.0, 0.0, 0.0, 0.0, 0.0, 0.0, 0.0, 0.0, 0.0, 0.0, 0.0, 0.0, 0.0, 0.0, 0.0, 0.0, 0.0, 0.0, 0.0, 0.0, 0.0, 0.0, 0.0, 0.0, 0.0, 0.0, 0.0]",scheduled_hold
2020-11-18,98,False,"[0.0, 0.0, 0.0, 0.0, 0.0, 0.0, 0.0, 0.0, 0.0, 0.0, 0.0, 0.0, 0.0, 0.0, 0.0, 0.0, 0.0, 0.0, 0.0, 0.0, 0.0, 0.0, 0.0, 0.0, 0.0, 0.0, 0.0, 0.0]",scheduled_hold
2020-11-19,99,False,"[0.0, 0.0, 0.0, 0.0, 0.0, 0.0, 0.0, 0.0, 0.0, 0.0, 0.0, 0.0, 0.0, 0.0, 0.0, 0.0, 0.0, 0.0, 0.0, 0.0, 0.0, 0.0, 0.0, 0.0, 0.0, 0.0, 0.0, 0.0]",scheduled_hold
2020-11-20,100,True,"[0.16192865371704102, -0.3020096719264984, -0.060390014201402664, -0.09830821305513382, -0.17684385180473328, 0.025599045678973198, -0.01584451086819172, 0.2698071002960205, -0.2286674827337265, -0.009636769071221352, 0.4475836157798767, 0.2798413038253784, 0.17344777286052704, -0.15371565520763397, 0.10317949950695038, -0.23919112980365753, 0.3446766138076782, 0.29927748441696167, -0.08323121815919876, 0.1007341742515564, 0.08077844977378845, 0.08655755966901779, 0.32211244106292725, 0.21075119078159332, 0.05995139479637146, -0.3099572956562042, 0.12079956382513046, 0.2720745801925659]",model_decision
2020-11-23,101,False,"[0.0, 0.0, 0.0, 0.0, 0.0, 0.0, 0.0, 0.0, 0.0, 0.0, 0.0, 0.0, 0.0, 0.0, 0.0, 0.0, 0.0, 0.0, 0.0, 0.0, 0.0, 0.0, 0.0, 0.0, 0.0, 0.0, 0.0, 0.0]",scheduled_hold
2020-11-24,102,False,"[0.0, 0.0, 0.0, 0.0, 0.0, 0.0, 0.0, 0.0, 0.0, 0.0, 0.0, 0.0, 0.0, 0.0, 0.0, 0.0, 0.0, 0.0, 0.0, 0.0, 0.0, 0.0, 0.0, 0.0, 0.0, 0.0, 0.0, 0.0]",scheduled_hold
2020-11-25,103,False,"[0.0, 0.0, 0.0, 0.0, 0.0, 0.0, 0.0, 0.0, 0.0, 0.0, 0.0, 0.0, 0.0, 0.0, 0.0, 0.0, 0.0, 0.0, 0.0, 0.0, 0.0, 0.0, 0.0, 0.0, 0.0, 0.0, 0.0, 0.0]",scheduled_hold
2020-11-27,104,False,"[0.0, 0.0, 0.0, 0.0, 0.0, 0.0, 0.0, 0.0, 0.0, 0.0, 0.0, 0.0, 0.0, 0.0, 0.0, 0.0, 0.0, 0.0, 0.0, 0.0, 0.0, 0.0, 0.0, 0.0, 0.0, 0.0, 0.0, 0.0]",scheduled_hold
2020-11-30,105,True,"[0.16192865371704102, -0.3020096719264984, -0.060390014201402664, -0.09830821305513382, -0.17684385180473328, 0.025599045678973198, -0.01584451086819172, 0.2698071002960205, -0.2286674827337265, -0.009636769071221352, 0.4475836157798767, 0.2798413038253784, 0.17344777286052704, -0.15371565520763397, 0.10317949950695038, -0.23919112980365753, 0.3446766138076782, 0.29927748441696167, -0.08323121815919876, 0.1007341742515564, 0.08077844977378845, 0.08655755966901779, 0.32211244106292725, 0.21075119078159332, 0.05995139479637146, -0.3099572956562042, 0.12079956382513046, 0.2720745801925659]",model_decision
2020-12-01,106,False,"[0.0, 0.0, 0.0, 0.0, 0.0, 0.0, 0.0, 0.0, 0.0, 0.0, 0.0, 0.0, 0.0, 0.0, 0.0, 0.0, 0.0, 0.0, 0.0, 0.0, 0.0, 0.0, 0.0, 0.0, 0.0, 0.0, 0.0, 0.0]",scheduled_hold
2020-12-02,107,False,"[0.0, 0.0, 0.0, 0.0, 0.0, 0.0, 0.0, 0.0, 0.0, 0.0, 0.0, 0.0, 0.0, 0.0, 0.0, 0.0, 0.0, 0.0, 0.0, 0.0, 0.0, 0.0, 0.0, 0.0, 0.0, 0.0, 0.0, 0.0]",scheduled_hold
2020-12-03,108,False,"[0.0, 0.0, 0.0, 0.0, 0.0, 0.0, 0.0, 0.0, 0.0, 0.0, 0.0, 0.0, 0.0, 0.0, 0.0, 0.0, 0.0, 0.0, 0.0, 0.0, 0.0, 0.0, 0.0, 0.0, 0.0, 0.0, 0.0, 0.0]",scheduled_hold
2020-12-04,109,False,"[0.0, 0.0, 0.0, 0.0, 0.0, 0.0, 0.0, 0.0, 0.0, 0.0, 0.0, 0.0, 0.0, 0.0, 0.0, 0.0, 0.0, 0.0, 0.0, 0.0, 0.0, 0.0, 0.0, 0.0, 0.0, 0.0, 0.0, 0.0]",scheduled_hold
2020-12-07,110,True,"[0.16192865371704102, -0.3020096719264984, -0.060390014201402664, -0.09830821305513382, -0.17684385180473328, 0.025599045678973198, -0.01584451086819172, 0.2698071002960205, -0.2286674827337265, -0.009636769071221352, 0.4475836157798767, 0.2798413038253784, 0.17344777286052704, -0.15371565520763397, 0.10317949950695038, -0.23919112980365753, 0.3446766138076782, 0.29927748441696167, -0.08323121815919876, 0.1007341742515564, 0.08077844977378845, 0.08655755966901779, 0.32211244106292725, 0.21075119078159332, 0.05995139479637146, -0.3099572956562042, 0.12079956382513046, 0.2720745801925659]",model_decision
2020-12-08,111,False,"[0.0, 0.0, 0.0, 0.0, 0.0, 0.0, 0.0, 0.0, 0.0, 0.0, 0.0, 0.0, 0.0, 0.0, 0.0, 0.0, 0.0, 0.0, 0.0, 0.0, 0.0, 0.0, 0.0, 0.0, 0.0, 0.0, 0.0, 0.0]",scheduled_hold
2020-12-09,112,False,"[0.0, 0.0, 0.0, 0.0, 0.0, 0.0, 0.0, 0.0, 0.0, 0.0, 0.0, 0.0, 0.0, 0.0, 0.0, 0.0, 0.0, 0.0, 0.0, 0.0, 0.0, 0.0, 0.0, 0.0, 0.0, 0.0, 0.0, 0.0]",scheduled_hold
2020-12-10,113,False,"[0.0, 0.0, 0.0, 0.0, 0.0, 0.0, 0.0, 0.0, 0.0, 0.0, 0.0, 0.0, 0.0, 0.0, 0.0, 0.0, 0.0, 0.0, 0.0, 0.0, 0.0, 0.0, 0.0, 0.0, 0.0, 0.0, 0.0, 0.0]",scheduled_hold
2020-12-11,114,False,"[0.0, 0.0, 0.0, 0.0, 0.0, 0.0, 0.0, 0.0, 0.0, 0.0, 0.0, 0.0, 0.0, 0.0, 0.0, 0.0, 0.0, 0.0, 0.0, 0.0, 0.0, 0.0, 0.0, 0.0, 0.0, 0.0, 0.0, 0.0]",scheduled_hold
2020-12-14,115,True,"[0.16192865371704102, -0.3020096719264984, -0.060390014201402664, -0.09830821305513382, -0.17684385180473328, 0.025599045678973198, -0.01584451086819172, 0.2698071002960205, -0.2286674827337265, -0.009636769071221352, 0.4475836157798767, 0.2798413038253784, 0.17344777286052704, -0.15371565520763397, 0.10317949950695038, -0.23919112980365753, 0.3446766138076782, 0.29927748441696167, -0.08323121815919876, 0.1007341742515564, 0.08077844977378845, 0.08655755966901779, 0.32211244106292725, 0.21075119078159332, 0.05995139479637146, -0.3099572956562042, 0.12079956382513046, 0.2720745801925659]",model_decision
2020-12-15,116,False,"[0.0, 0.0, 0.0, 0.0, 0.0, 0.0, 0.0, 0.0, 0.0, 0.0, 0.0, 0.0, 0.0, 0.0, 0.0, 0.0, 0.0, 0.0, 0.0, 0.0, 0.0, 0.0, 0.0, 0.0, 0.0, 0.0, 0.0, 0.0]",scheduled_hold
2020-12-16,117,False,"[0.0, 0.0, 0.0, 0.0, 0.0, 0.0, 0.0, 0.0, 0.0, 0.0, 0.0, 0.0, 0.0, 0.0, 0.0, 0.0, 0.0, 0.0, 0.0, 0.0, 0.0, 0.0, 0.0, 0.0, 0.0, 0.0, 0.0, 0.0]",scheduled_hold
2020-12-17,118,False,"[0.0, 0.0, 0.0, 0.0, 0.0, 0.0, 0.0, 0.0, 0.0, 0.0, 0.0, 0.0, 0.0, 0.0, 0.0, 0.0, 0.0, 0.0, 0.0, 0.0, 0.0, 0.0, 0.0, 0.0, 0.0, 0.0, 0.0, 0.0]",scheduled_hold
2020-12-18,119,False,"[0.0, 0.0, 0.0, 0.0, 0.0, 0.0, 0.0, 0.0, 0.0, 0.0, 0.0, 0.0, 0.0, 0.0, 0.0, 0.0, 0.0, 0.0, 0.0, 0.0, 0.0, 0.0, 0.0, 0.0, 0.0, 0.0, 0.0, 0.0]",scheduled_hold
2020-12-21,120,True,"[0.16192865371704102, -0.3020096719264984, -0.060390014201402664, -0.09830821305513382, -0.17684385180473328, 0.025599045678973198, -0.01584451086819172, 0.2698071002960205, -0.2286674827337265, -0.009636769071221352, 0.4475836157798767, 0.2798413038253784, 0.17344777286052704, -0.15371565520763397, 0.10317949950695038, -0.23919112980365753, 0.3446766138076782, 0.29927748441696167, -0.08323121815919876, 0.1007341742515564, 0.08077844977378845, 0.08655755966901779, 0.32211244106292725, 0.21075119078159332, 0.05995139479637146, -0.3099572956562042, 0.12079956382513046, 0.2720745801925659]",model_decision
2020-12-22,121,False,"[0.0, 0.0, 0.0, 0.0, 0.0, 0.0, 0.0, 0.0, 0.0, 0.0, 0.0, 0.0, 0.0, 0.0, 0.0, 0.0, 0.0, 0.0, 0.0, 0.0, 0.0, 0.0, 0.0, 0.0, 0.0, 0.0, 0.0, 0.0]",scheduled_hold
2020-12-23,122,False,"[0.0, 0.0, 0.0, 0.0, 0.0, 0.0, 0.0, 0.0, 0.0, 0.0, 0.0, 0.0, 0.0, 0.0, 0.0, 0.0, 0.0, 0.0, 0.0, 0.0, 0.0, 0.0, 0.0, 0.0, 0.0, 0.0, 0.0, 0.0]",scheduled_hold
2020-12-24,123,False,"[0.0, 0.0, 0.0, 0.0, 0.0, 0.0, 0.0, 0.0, 0.0, 0.0, 0.0, 0.0, 0.0, 0.0, 0.0, 0.0, 0.0, 0.0, 0.0, 0.0, 0.0, 0.0, 0.0, 0.0, 0.0, 0.0, 0.0, 0.0]",scheduled_hold
2020-12-28,124,False,"[0.0, 0.0, 0.0, 0.0, 0.0, 0.0, 0.0, 0.0, 0.0, 0.0, 0.0, 0.0, 0.0, 0.0, 0.0, 0.0, 0.0, 0.0, 0.0, 0.0, 0.0, 0.0, 0.0, 0.0, 0.0, 0.0, 0.0, 0.0]",scheduled_hold
2020-12-29,125,True,"[0.012426143512129784, -0.09795761108398438, 0.0006227173143997788, 0.032219886779785156, -0.06340716034173965, 0.10012909770011902, -0.08440111577510834, -0.016965875402092934, -0.08763319998979568, -0.12539325654506683, 0.1945532262325287, 0.11670595407485962, -0.04694724455475807, 0.03364967182278633, 0.0003230196889489889, 0.1144786849617958, 0.225829616189003, -0.014303958043456078, -0.09173854440450668, 0.12703044712543488, -0.12478858977556229, 0.0016149720177054405, -0.10280819982290268, 0.13366466760635376, 0.09043394774198532, -0.03969404473900795, 0.0338224396109581, -0.055359914898872375]",model_decision
2020-12-30,126,False,"[0.0, 0.0, 0.0, 0.0, 0.0, 0.0, 0.0, 0.0, 0.0, 0.0, 0.0, 0.0, 0.0, 0.0, 0.0, 0.0, 0.0, 0.0, 0.0, 0.0, 0.0, 0.0, 0.0, 0.0, 0.0, 0.0, 0.0, 0.0]",scheduled_hold
2020-12-31,127,False,"[0.0, 0.0, 0.0, 0.0, 0.0, 0.0, 0.0, 0.0, 0.0, 0.0, 0.0, 0.0, 0.0, 0.0, 0.0, 0.0, 0.0, 0.0, 0.0, 0.0, 0.0, 0.0, 0.0, 0.0, 0.0, 0.0, 0.0, 0.0]",scheduled_hold
2021-01-04,128,False,"[0.0, 0.0, 0.0, 0.0, 0.0, 0.0, 0.0, 0.0, 0.0, 0.0, 0.0, 0.0, 0.0, 0.0, 0.0, 0.0, 0.0, 0.0, 0.0, 0.0, 0.0, 0.0, 0.0, 0.0, 0.0, 0.0, 0.0, 0.0]",scheduled_hold
2021-01-05,129,False,"[0.0, 0.0, 0.0, 0.0, 0.0, 0.0, 0.0, 0.0, 0.0, 0.0, 0.0, 0.0, 0.0, 0.0, 0.0, 0.0, 0.0, 0.0, 0.0, 0.0, 0.0, 0.0, 0.0, 0.0, 0.0, 0.0, 0.0, 0.0]",scheduled_hold
2021-01-06,130,True,"[0.06834674626588821, -0.16021326184272766, -0.13760626316070557, 0.15206094086170197, -0.2459568977355957, 0.11750057339668274, -0.16314983367919922, 0.054669689387083054, -0.05507563799619675, -0.20258665084838867, 0.24831542372703552, 0.2532612681388855, -0.060372862964868546, -0.013649333268404007, -0.029341697692871094, -0.004215451888740063, 0.2998097836971283, 0.18800733983516693, -0.12196770310401917, 0.14226041734218597, -0.005481606815010309, -0.03867659345269203, -0.027344772592186928, 0.1556040197610855, 0.0821685940027237, -0.15737000107765198, 0.10789371281862259, 0.07432640343904495]",model_decision
2021-01-07,131,False,"[0.0, 0.0, 0.0, 0.0, 0.0, 0.0, 0.0, 0.0, 0.0, 0.0, 0.0, 0.0, 0.0, 0.0, 0.0, 0.0, 0.0, 0.0, 0.0, 0.0, 0.0, 0.0, 0.0, 0.0, 0.0, 0.0, 0.0, 0.0]",scheduled_hold
2021-01-08,132,False,"[0.0, 0.0, 0.0, 0.0, 0.0, 0.0, 0.0, 0.0, 0.0, 0.0, 0.0, 0.0, 0.0, 0.0, 0.0, 0.0, 0.0, 0.0, 0.0, 0.0, 0.0, 0.0, 0.0, 0.0, 0.0, 0.0, 0.0, 0.0]",scheduled_hold
2021-01-11,133,False,"[0.0, 0.0, 0.0, 0.0, 0.0, 0.0, 0.0, 0.0, 0.0, 0.0, 0.0, 0.0, 0.0, 0.0, 0.0, 0.0, 0.0, 0.0, 0.0, 0.0, 0.0, 0.0, 0.0, 0.0, 0.0, 0.0, 0.0, 0.0]",scheduled_hold
2021-01-12,134,False,"[0.0, 0.0, 0.0, 0.0, 0.0, 0.0, 0.0, 0.0, 0.0, 0.0, 0.0, 0.0, 0.0, 0.0, 0.0, 0.0, 0.0, 0.0, 0.0, 0.0, 0.0, 0.0, 0.0, 0.0, 0.0, 0.0, 0.0, 0.0]",scheduled_hold
2021-01-13,135,True,"[-0.05345054715871811, -0.010120470076799393, -0.001897788024507463, 0.12757837772369385, -0.07396940886974335, 0.026209084317088127, -0.053375471383333206, -0.07517964392900467, 0.061921291053295135, -0.1379963606595993, 0.08514100313186646, 0.1381957232952118, 0.03799525648355484, 0.05967225506901741, 0.0009720956441015005, 0.1523255705833435, 0.2280406355857849, -0.0037182625383138657, -0.20306022465229034, 0.25975123047828674, -0.08532965928316116, -0.06134878844022751, -0.17852120101451874, 0.10759290307760239, 0.1547589749097824, -0.04770268499851227, 0.1650191992521286, -0.0063917068764567375]",model_decision
2021-01-14,136,False,"[0.0, 0.0, 0.0, 0.0, 0.0, 0.0, 0.0, 0.0, 0.0, 0.0, 0.0, 0.0, 0.0, 0.0, 0.0, 0.0, 0.0, 0.0, 0.0, 0.0, 0.0, 0.0, 0.0, 0.0, 0.0, 0.0, 0.0, 0.0]",scheduled_hold
2021-01-15,137,False,"[0.0, 0.0, 0.0, 0.0, 0.0, 0.0, 0.0, 0.0, 0.0, 0.0, 0.0, 0.0, 0.0, 0.0, 0.0, 0.0, 0.0, 0.0, 0.0, 0.0, 0.0, 0.0, 0.0, 0.0, 0.0, 0.0, 0.0, 0.0]",scheduled_hold
2021-01-19,138,False,"[0.0, 0.0, 0.0, 0.0, 0.0, 0.0, 0.0, 0.0, 0.0, 0.0, 0.0, 0.0, 0.0, 0.0, 0.0, 0.0, 0.0, 0.0, 0.0, 0.0, 0.0, 0.0, 0.0, 0.0, 0.0, 0.0, 0.0, 0.0]",scheduled_hold
2021-01-20,139,False,"[0.0, 0.0, 0.0, 0.0, 0.0, 0.0, 0.0, 0.0, 0.0, 0.0, 0.0, 0.0, 0.0, 0.0, 0.0, 0.0, 0.0, 0.0, 0.0, 0.0, 0.0, 0.0, 0.0, 0.0, 0.0, 0.0, 0.0, 0.0]",scheduled_hold
2021-01-21,140,True,"[0.013501835986971855, -0.14289051294326782, -0.01350698247551918, 0.10838551074266434, -0.11504259705543518, 0.07874691486358643, -0.06419812142848969, 0.04073473811149597, -0.0018864960875362158, -0.13287019729614258, 0.2769271433353424, 0.29238712787628174, 0.08947505801916122, -0.03749417886137962, -0.04925073683261871, 0.03251843899488449, 0.33283865451812744, 0.03835085779428482, -0.13429678976535797, 0.18284961581230164, -0.08126575499773026, -0.05837954580783844, -0.07313276082277298, 0.1422892063856125, 0.09305286407470703, -0.14666426181793213, 0.14863334596157074, 0.07868057489395142]",model_decision
2021-01-22,141,False,"[0.0, 0.0, 0.0, 0.0, 0.0, 0.0, 0.0, 0.0, 0.0, 0.0, 0.0, 0.0, 0.0, 0.0, 0.0, 0.0, 0.0, 0.0, 0.0, 0.0, 0.0, 0.0, 0.0, 0.0, 0.0, 0.0, 0.0, 0.0]",scheduled_hold
2021-01-25,142,False,"[0.0, 0.0, 0.0, 0.0, 0.0, 0.0, 0.0, 0.0, 0.0, 0.0, 0.0, 0.0, 0.0, 0.0, 0.0, 0.0, 0.0, 0.0, 0.0, 0.0, 0.0, 0.0, 0.0, 0.0, 0.0, 0.0, 0.0, 0.0]",scheduled_hold
2021-01-26,143,False,"[0.0, 0.0, 0.0, 0.0, 0.0, 0.0, 0.0, 0.0, 0.0, 0.0, 0.0, 0.0, 0.0, 0.0, 0.0, 0.0, 0.0, 0.0, 0.0, 0.0, 0.0, 0.0, 0.0, 0.0, 0.0, 0.0, 0.0, 0.0]",scheduled_hold
2021-01-27,144,False,"[0.0, 0.0, 0.0, 0.0, 0.0, 0.0, 0.0, 0.0, 0.0, 0.0, 0.0, 0.0, 0.0, 0.0, 0.0, 0.0, 0.0, 0.0, 0.0, 0.0, 0.0, 0.0, 0.0, 0.0, 0.0, 0.0, 0.0, 0.0]",scheduled_hold
2021-01-28,145,True,"[0.047610171139240265, -0.05512121692299843, -0.007728100288659334, -0.005853853188455105, -0.11277289688587189, 0.07204420864582062, -0.11799957603216171, 0.05341779813170433, -0.06977424025535583, -0.06265132874250412, 0.23920796811580658, 0.19889336824417114, 0.0171440951526165, -0.04126759618520737, 0.0030607429798692465, 0.11717162281274796, 0.2102411389350891, -0.0018095951527357101, -0.1342158317565918, 0.1130312830209732, -0.12221048772335052, -0.04402085393667221, -0.05263061821460724, 0.16729329526424408, 0.009487872943282127, -0.0062585072591900826, 0.08294467628002167, -0.007645157165825367]",model_decision
2021-01-29,146,False,"[0.0, 0.0, 0.0, 0.0, 0.0, 0.0, 0.0, 0.0, 0.0, 0.0, 0.0, 0.0, 0.0, 0.0, 0.0, 0.0, 0.0, 0.0, 0.0, 0.0, 0.0, 0.0, 0.0, 0.0, 0.0, 0.0, 0.0, 0.0]",scheduled_hold
2021-02-01,147,False,"[0.0, 0.0, 0.0, 0.0, 0.0, 0.0, 0.0, 0.0, 0.0, 0.0, 0.0, 0.0, 0.0, 0.0, 0.0, 0.0, 0.0, 0.0, 0.0, 0.0, 0.0, 0.0, 0.0, 0.0, 0.0, 0.0, 0.0, 0.0]",scheduled_hold
2021-02-02,148,False,"[0.0, 0.0, 0.0, 0.0, 0.0, 0.0, 0.0, 0.0, 0.0, 0.0, 0.0, 0.0, 0.0, 0.0, 0.0, 0.0, 0.0, 0.0, 0.0, 0.0, 0.0, 0.0, 0.0, 0.0, 0.0, 0.0, 0.0, 0.0]",scheduled_hold
2021-02-03,149,False,"[0.0, 0.0, 0.0, 0.0, 0.0, 0.0, 0.0, 0.0, 0.0, 0.0, 0.0, 0.0, 0.0, 0.0, 0.0, 0.0, 0.0, 0.0, 0.0, 0.0, 0.0, 0.0, 0.0, 0.0, 0.0, 0.0, 0.0, 0.0]",scheduled_hold
2021-02-04,150,True,"[0.016983380541205406, -0.14725030958652496, -0.0688420757651329, 0.05174204334616661, -0.14054259657859802, 0.06357748806476593, -0.05706865340471268, 0.05739518254995346, -0.10447739064693451, -0.12543842196464539, 0.2892343997955322, 0.2298954725265503, -0.006916625425219536, -0.04490119591355324, -0.009584694169461727, 0.04819663614034653, 0.33652225136756897, 0.10522514581680298, -0.10491843521595001, 0.17227527499198914, -0.12096304446458817, -0.05307118594646454, -0.06537759304046631, 0.11232910305261612, 0.06653540581464767, -0.15791629254817963, 0.07456173747777939, 0.021184474229812622]",model_decision
2021-02-05,151,False,"[0.0, 0.0, 0.0, 0.0, 0.0, 0.0, 0.0, 0.0, 0.0, 0.0, 0.0, 0.0, 0.0, 0.0, 0.0, 0.0, 0.0, 0.0, 0.0, 0.0, 0.0, 0.0, 0.0, 0.0, 0.0, 0.0, 0.0, 0.0]",scheduled_hold
2021-02-08,152,False,"[0.0, 0.0, 0.0, 0.0, 0.0, 0.0, 0.0, 0.0, 0.0, 0.0, 0.0, 0.0, 0.0, 0.0, 0.0, 0.0, 0.0, 0.0, 0.0, 0.0, 0.0, 0.0, 0.0, 0.0, 0.0, 0.0, 0.0, 0.0]",scheduled_hold
2021-02-09,153,False,"[0.0, 0.0, 0.0, 0.0, 0.0, 0.0, 0.0, 0.0, 0.0, 0.0, 0.0, 0.0, 0.0, 0.0, 0.0, 0.0, 0.0, 0.0, 0.0, 0.0, 0.0, 0.0, 0.0, 0.0, 0.0, 0.0, 0.0, 0.0]",scheduled_hold
2021-02-10,154,False,"[0.0, 0.0, 0.0, 0.0, 0.0, 0.0, 0.0, 0.0, 0.0, 0.0, 0.0, 0.0, 0.0, 0.0, 0.0, 0.0, 0.0, 0.0, 0.0, 0.0, 0.0, 0.0, 0.0, 0.0, 0.0, 0.0, 0.0, 0.0]",scheduled_hold
2021-02-11,155,True,"[0.023800024762749672, -0.14661240577697754, -0.06473313271999359, 0.017784394323825836, -0.11467959731817245, 0.07551063597202301, -0.0418071523308754, -0.020261188969016075, -0.07531099766492844, -0.14659298956394196, 0.2687511444091797, 0.17101208865642548, -0.0194560494273901, 0.01514953002333641, -0.019950851798057556, 0.07128477096557617, 0.3049737215042114, 0.062338851392269135, -0.06630071997642517, 0.1793382465839386, -0.1262555867433548, -0.053136758506298065, -0.05413343757390976, 0.15037964284420013, 0.12551742792129517, -0.12474793940782547, 0.06894680857658386, 0.02175668627023697]",model_decision
2021-02-12,156,False,"[0.0, 0.0, 0.0, 0.0, 0.0, 0.0, 0.0, 0.0, 0.0, 0.0, 0.0, 0.0, 0.0, 0.0, 0.0, 0.0, 0.0, 0.0, 0.0, 0.0, 0.0, 0.0, 0.0, 0.0, 0.0, 0.0, 0.0, 0.0]",scheduled_hold
2021-02-16,157,False,"[0.0, 0.0, 0.0, 0.0, 0.0, 0.0, 0.0, 0.0, 0.0, 0.0, 0.0, 0.0, 0.0, 0.0, 0.0, 0.0, 0.0, 0.0, 0.0, 0.0, 0.0, 0.0, 0.0, 0.0, 0.0, 0.0, 0.0, 0.0]",scheduled_hold
2021-02-17,158,False,"[0.0, 0.0, 0.0, 0.0, 0.0, 0.0, 0.0, 0.0, 0.0, 0.0, 0.0, 0.0, 0.0, 0.0, 0.0, 0.0, 0.0, 0.0, 0.0, 0.0, 0.0, 0.0, 0.0, 0.0, 0.0, 0.0, 0.0, 0.0]",scheduled_hold
2021-02-18,159,False,"[0.0, 0.0, 0.0, 0.0, 0.0, 0.0, 0.0, 0.0, 0.0, 0.0, 0.0, 0.0, 0.0, 0.0, 0.0, 0.0, 0.0, 0.0, 0.0, 0.0, 0.0, 0.0, 0.0, 0.0, 0.0, 0.0, 0.0, 0.0]",scheduled_hold
2021-02-19,160,True,"[0.05832706391811371, -0.11581122875213623, -0.05496635288000107, 0.056448549032211304, -0.1314244121313095, 0.08102932572364807, -0.07027077674865723, -0.05523090437054634, -0.045951150357723236, -0.22340816259384155, 0.25776463747024536, 0.20895825326442719, -0.04339433088898659, 0.015918735414743423, -0.01674189791083336, 0.009739846922457218, 0.30615776777267456, 0.07650640606880188, -0.07656572014093399, 0.19880157709121704, -0.1156473159790039, -0.05960656702518463, -0.043402865529060364, 0.14925672113895416, 0.16391289234161377, -0.13670730590820312, 0.027133114635944366, 0.023057986050844193]",model_decision
2021-02-22,161,False,"[0.0, 0.0, 0.0, 0.0, 0.0, 0.0, 0.0, 0.0, 0.0, 0.0, 0.0, 0.0, 0.0, 0.0, 0.0, 0.0, 0.0, 0.0, 0.0, 0.0, 0.0, 0.0, 0.0, 0.0, 0.0, 0.0, 0.0, 0.0]",scheduled_hold
2021-02-23,162,False,"[0.0, 0.0, 0.0, 0.0, 0.0, 0.0, 0.0, 0.0, 0.0, 0.0, 0.0, 0.0, 0.0, 0.0, 0.0, 0.0, 0.0, 0.0, 0.0, 0.0, 0.0, 0.0, 0.0, 0.0, 0.0, 0.0, 0.0, 0.0]",scheduled_hold
2021-02-24,163,False,"[0.0, 0.0, 0.0, 0.0, 0.0, 0.0, 0.0, 0.0, 0.0, 0.0, 0.0, 0.0, 0.0, 0.0, 0.0, 0.0, 0.0, 0.0, 0.0, 0.0, 0.0, 0.0, 0.0, 0.0, 0.0, 0.0, 0.0, 0.0]",scheduled_hold
2021-02-25,164,False,"[0.0, 0.0, 0.0, 0.0, 0.0, 0.0, 0.0, 0.0, 0.0, 0.0, 0.0, 0.0, 0.0, 0.0, 0.0, 0.0, 0.0, 0.0, 0.0, 0.0, 0.0, 0.0, 0.0, 0.0, 0.0, 0.0, 0.0, 0.0]",scheduled_hold
2021-02-26,165,True,"[0.10168156027793884, -0.0730474591255188, -0.04813032224774361, 0.0907684937119484, -0.17196615040302277, 0.10986492037773132, -0.15894243121147156, 0.01454419456422329, -0.01639014668762684, -0.22566848993301392, 0.24272269010543823, 0.26777684688568115, -0.029124384745955467, -0.06190744787454605, 0.017114613205194473, -0.003999880515038967, 0.2980225086212158, 0.052716612815856934, -0.13815036416053772, 0.20020444691181183, -0.0827808603644371, -0.036927420645952225, 0.010844217613339424, 0.18286706507205963, 0.015120327472686768, -0.0822145938873291, 0.07439164817333221, 0.0013155052438378334]",model_decision
2021-03-01,166,False,"[0.0, 0.0, 0.0, 0.0, 0.0, 0.0, 0.0, 0.0, 0.0, 0.0, 0.0, 0.0, 0.0, 0.0, 0.0, 0.0, 0.0, 0.0, 0.0, 0.0, 0.0, 0.0, 0.0, 0.0, 0.0, 0.0, 0.0, 0.0]",scheduled_hold
2021-03-02,167,False,"[0.0, 0.0, 0.0, 0.0, 0.0, 0.0, 0.0, 0.0, 0.0, 0.0, 0.0, 0.0, 0.0, 0.0, 0.0, 0.0, 0.0, 0.0, 0.0, 0.0, 0.0, 0.0, 0.0, 0.0, 0.0, 0.0, 0.0, 0.0]",scheduled_hold
2021-03-03,168,False,"[0.0, 0.0, 0.0, 0.0, 0.0, 0.0, 0.0, 0.0, 0.0, 0.0, 0.0, 0.0, 0.0, 0.0, 0.0, 0.0, 0.0, 0.0, 0.0, 0.0, 0.0, 0.0, 0.0, 0.0, 0.0, 0.0, 0.0, 0.0]",scheduled_hold
2021-03-04,169,False,"[0.0, 0.0, 0.0, 0.0, 0.0, 0.0, 0.0, 0.0, 0.0, 0.0, 0.0, 0.0, 0.0, 0.0, 0.0, 0.0, 0.0, 0.0, 0.0, 0.0, 0.0, 0.0, 0.0, 0.0, 0.0, 0.0, 0.0, 0.0]",scheduled_hold
2021-03-05,170,True,"[0.10432551801204681, -0.08949007093906403, 0.018117070198059082, 0.07348204404115677, -0.24071770906448364, 0.0983867347240448, -0.16775481402873993, 0.00902276299893856, -0.08197332918643951, -0.17669600248336792, 0.23457947373390198, 0.27242588996887207, -0.016924824565649033, -0.09668084979057312, 0.05103262513875961, 0.003914644010365009, 0.30454710125923157, 0.062056489288806915, -0.15050622820854187, 0.15000861883163452, -0.13905546069145203, -0.07521132379770279, -0.06935803592205048, 0.17064444720745087, 0.0345529280602932, -0.10700062662363052, 0.10479920357465744, -0.012961042113602161]",model_decision
2021-03-08,171,False,"[0.0, 0.0, 0.0, 0.0, 0.0, 0.0, 0.0, 0.0, 0.0, 0.0, 0.0, 0.0, 0.0, 0.0, 0.0, 0.0, 0.0, 0.0, 0.0, 0.0, 0.0, 0.0, 0.0, 0.0, 0.0, 0.0, 0.0, 0.0]",scheduled_hold
2021-03-09,172,False,"[0.0, 0.0, 0.0, 0.0, 0.0, 0.0, 0.0, 0.0, 0.0, 0.0, 0.0, 0.0, 0.0, 0.0, 0.0, 0.0, 0.0, 0.0, 0.0, 0.0, 0.0, 0.0, 0.0, 0.0, 0.0, 0.0, 0.0, 0.0]",scheduled_hold
2021-03-10,173,False,"[0.0, 0.0, 0.0, 0.0, 0.0, 0.0, 0.0, 0.0, 0.0, 0.0, 0.0, 0.0, 0.0, 0.0, 0.0, 0.0, 0.0, 0.0, 0.0, 0.0, 0.0, 0.0, 0.0, 0.0, 0.0, 0.0, 0.0, 0.0]",scheduled_hold
2021-03-11,174,False,"[0.0, 0.0, 0.0, 0.0, 0.0, 0.0, 0.0, 0.0, 0.0, 0.0, 0.0, 0.0, 0.0, 0.0, 0.0, 0.0, 0.0, 0.0, 0.0, 0.0, 0.0, 0.0, 0.0, 0.0, 0.0, 0.0, 0.0, 0.0]",scheduled_hold
2021-03-12,175,True,"[0.12348145991563797, -0.21659310162067413, 0.019306309521198273, 0.09284570068120956, -0.28619953989982605, 0.14399439096450806, -0.13535913825035095, -0.034681547433137894, -0.12208445370197296, -0.1126914694905281, 0.21320654451847076, 0.20698429644107819, -0.05817320570349693, -0.04202808067202568, 0.05964719504117966, 0.024038761854171753, 0.2763991951942444, 0.07457441836595535, -0.09962650388479233, 0.10973085463047028, -0.13937219977378845, -0.0745997428894043, -0.07365395873785019, 0.218612402677536, 0.13569293916225433, -0.13643378019332886, 0.07274355739355087, -0.051403895020484924]",model_decision
2021-03-15,176,False,"[0.0, 0.0, 0.0, 0.0, 0.0, 0.0, 0.0, 0.0, 0.0, 0.0, 0.0, 0.0, 0.0, 0.0, 0.0, 0.0, 0.0, 0.0, 0.0, 0.0, 0.0, 0.0, 0.0, 0.0, 0.0, 0.0, 0.0, 0.0]",scheduled_hold
2021-03-16,177,False,"[0.0, 0.0, 0.0, 0.0, 0.0, 0.0, 0.0, 0.0, 0.0, 0.0, 0.0, 0.0, 0.0, 0.0, 0.0, 0.0, 0.0, 0.0, 0.0, 0.0, 0.0, 0.0, 0.0, 0.0, 0.0, 0.0, 0.0, 0.0]",scheduled_hold
2021-03-17,178,False,"[0.0, 0.0, 0.0, 0.0, 0.0, 0.0, 0.0, 0.0, 0.0, 0.0, 0.0, 0.0, 0.0, 0.0, 0.0, 0.0, 0.0, 0.0, 0.0, 0.0, 0.0, 0.0, 0.0, 0.0, 0.0, 0.0, 0.0, 0.0]",scheduled_hold
2021-03-18,179,False,"[0.0, 0.0, 0.0, 0.0, 0.0, 0.0, 0.0, 0.0, 0.0, 0.0, 0.0, 0.0, 0.0, 0.0, 0.0, 0.0, 0.0, 0.0, 0.0, 0.0, 0.0, 0.0, 0.0, 0.0, 0.0, 0.0, 0.0, 0.0]",scheduled_hold
2021-03-19,180,True,"[0.02428012527525425, -0.0971497893333435, 0.06745094060897827, 0.12871752679347992, -0.19166520237922668, 0.1530407965183258, -0.04464469105005264, -0.17953559756278992, -0.053362101316452026, -0.19439631700515747, 0.16959711909294128, 0.25879213213920593, -0.023560037836432457, 0.011816632002592087, -0.03395524621009827, 0.03748529404401779, 0.3344919681549072, 0.0895264521241188, -0.12301826477050781, 0.1936904340982437, -0.04386898875236511, -0.08657767623662949, -0.02737741731107235, 0.18359272181987762, 0.1893496811389923, -0.12757271528244019, 0.08206769078969955, 0.014677287079393864]",model_decision
2021-03-22,181,False,"[0.0, 0.0, 0.0, 0.0, 0.0, 0.0, 0.0, 0.0, 0.0, 0.0, 0.0, 0.0, 0.0, 0.0, 0.0, 0.0, 0.0, 0.0, 0.0, 0.0, 0.0, 0.0, 0.0, 0.0, 0.0, 0.0, 0.0, 0.0]",scheduled_hold
2021-03-23,182,False,"[0.0, 0.0, 0.0, 0.0, 0.0, 0.0, 0.0, 0.0, 0.0, 0.0, 0.0, 0.0, 0.0, 0.0, 0.0, 0.0, 0.0, 0.0, 0.0, 0.0, 0.0, 0.0, 0.0, 0.0, 0.0, 0.0, 0.0, 0.0]",scheduled_hold
2021-03-24,183,False,"[0.0, 0.0, 0.0, 0.0, 0.0, 0.0, 0.0, 0.0, 0.0, 0.0, 0.0, 0.0, 0.0, 0.0, 0.0, 0.0, 0.0, 0.0, 0.0, 0.0, 0.0, 0.0, 0.0, 0.0, 0.0, 0.0, 0.0, 0.0]",scheduled_hold
2021-03-25,184,False,"[0.0, 0.0, 0.0, 0.0, 0.0, 0.0, 0.0, 0.0, 0.0, 0.0, 0.0, 0.0, 0.0, 0.0, 0.0, 0.0, 0.0, 0.0, 0.0, 0.0, 0.0, 0.0, 0.0, 0.0, 0.0, 0.0, 0.0, 0.0]",scheduled_hold
2021-03-26,185,True,"[0.05421111732721329, -0.04789390042424202, 0.01878400892019272, 0.08244504779577255, -0.19697226583957672, 0.12889491021633148, 0.007293131668120623, -0.12829381227493286, -0.04134264215826988, -0.13773033022880554, 0.1759965717792511, 0.26965227723121643, 0.0032386428210884333, -0.027620036154985428, 0.004597216844558716, -0.028978388756513596, 0.29743242263793945, 0.0482046976685524, -0.12377557903528214, 0.09040945768356323, -0.04047934710979462, -0.043428756296634674, 0.040082961320877075, 0.29625755548477173, 0.12500493228435516, -0.12987902760505676, 0.21919779479503632, 0.0939905121922493]",model_decision
2021-03-29,186,False,"[0.0, 0.0, 0.0, 0.0, 0.0, 0.0, 0.0, 0.0, 0.0, 0.0, 0.0, 0.0, 0.0, 0.0, 0.0, 0.0, 0.0, 0.0, 0.0, 0.0, 0.0, 0.0, 0.0, 0.0, 0.0, 0.0, 0.0, 0.0]",scheduled_hold
2021-03-30,187,False,"[0.0, 0.0, 0.0, 0.0, 0.0, 0.0, 0.0, 0.0, 0.0, 0.0, 0.0, 0.0, 0.0, 0.0, 0.0, 0.0, 0.0, 0.0, 0.0, 0.0, 0.0, 0.0, 0.0, 0.0, 0.0, 0.0, 0.0, 0.0]",scheduled_hold
2021-03-31,188,False,"[0.0, 0.0, 0.0, 0.0, 0.0, 0.0, 0.0, 0.0, 0.0, 0.0, 0.0, 0.0, 0.0, 0.0, 0.0, 0.0, 0.0, 0.0, 0.0, 0.0, 0.0, 0.0, 0.0, 0.0, 0.0, 0.0, 0.0, 0.0]",scheduled_hold
2021-04-01,189,False,"[0.0, 0.0, 0.0, 0.0, 0.0, 0.0, 0.0, 0.0, 0.0, 0.0, 0.0, 0.0, 0.0, 0.0, 0.0, 0.0, 0.0, 0.0, 0.0, 0.0, 0.0, 0.0, 0.0, 0.0, 0.0, 0.0, 0.0, 0.0]",scheduled_hold
2021-04-05,190,True,"[0.005358150228857994, -0.02619507536292076, 0.06891118735074997, 0.021784167736768723, -0.09431445598602295, 0.10162989795207977, -0.03148111328482628, -0.11595519632101059, -0.023614363744854927, -0.1653425097465515, 0.14549601078033447, 0.19128316640853882, 0.024005351588129997, 0.046461284160614014, -0.04236273095011711, 0.09648006409406662, 0.2865252196788788, -0.062457382678985596, -0.16778993606567383, 0.26144319772720337, -0.06971470266580582, -0.0856953039765358, -0.043530069291591644, 0.2543823719024658, 0.09759581089019775, -0.01690143346786499, 0.0746903270483017, 0.03559013083577156]",model_decision
2021-04-06,191,False,"[0.0, 0.0, 0.0, 0.0, 0.0, 0.0, 0.0, 0.0, 0.0, 0.0, 0.0, 0.0, 0.0, 0.0, 0.0, 0.0, 0.0, 0.0, 0.0, 0.0, 0.0, 0.0, 0.0, 0.0, 0.0, 0.0, 0.0, 0.0]",scheduled_hold
2021-04-07,192,False,"[0.0, 0.0, 0.0, 0.0, 0.0, 0.0, 0.0, 0.0, 0.0, 0.0, 0.0, 0.0, 0.0, 0.0, 0.0, 0.0, 0.0, 0.0, 0.0, 0.0, 0.0, 0.0, 0.0, 0.0, 0.0, 0.0, 0.0, 0.0]",scheduled_hold
2021-04-08,193,False,"[0.0, 0.0, 0.0, 0.0, 0.0, 0.0, 0.0, 0.0, 0.0, 0.0, 0.0, 0.0, 0.0, 0.0, 0.0, 0.0, 0.0, 0.0, 0.0, 0.0, 0.0, 0.0, 0.0, 0.0, 0.0, 0.0, 0.0, 0.0]",scheduled_hold
2021-04-09,194,False,"[0.0, 0.0, 0.0, 0.0, 0.0, 0.0, 0.0, 0.0, 0.0, 0.0, 0.0, 0.0, 0.0, 0.0, 0.0, 0.0, 0.0, 0.0, 0.0, 0.0, 0.0, 0.0, 0.0, 0.0, 0.0, 0.0, 0.0, 0.0]",scheduled_hold
2021-04-12,195,True,"[-0.0006038043648004532, 0.04327397421002388, 0.059179697185754776, 0.002135717310011387, -0.0023490122985094786, 0.0641990378499031, -0.03567753732204437, -0.14845150709152222, 0.02324019931256771, -0.2193221002817154, 0.12704914808273315, 0.14865151047706604, 0.020475497469305992, 0.07329648733139038, -0.014581955969333649, 0.12503798305988312, 0.237602099776268, -0.09637755155563354, -0.1387484073638916, 0.3066776990890503, -0.09799730032682419, -0.06875486671924591, -0.08902915567159653, 0.18018768727779388, 0.11208061873912811, 0.03302909806370735, 0.05889766663312912, -0.001829800195991993]",model_decision
2021-04-13,196,False,"[0.0, 0.0, 0.0, 0.0, 0.0, 0.0, 0.0, 0.0, 0.0, 0.0, 0.0, 0.0, 0.0, 0.0, 0.0, 0.0, 0.0, 0.0, 0.0, 0.0, 0.0, 0.0, 0.0, 0.0, 0.0, 0.0, 0.0, 0.0]",scheduled_hold
2021-04-14,197,False,"[0.0, 0.0, 0.0, 0.0, 0.0, 0.0, 0.0, 0.0, 0.0, 0.0, 0.0, 0.0, 0.0, 0.0, 0.0, 0.0, 0.0, 0.0, 0.0, 0.0, 0.0, 0.0, 0.0, 0.0, 0.0, 0.0, 0.0, 0.0]",scheduled_hold
2021-04-15,198,False,"[0.0, 0.0, 0.0, 0.0, 0.0, 0.0, 0.0, 0.0, 0.0, 0.0, 0.0, 0.0, 0.0, 0.0, 0.0, 0.0, 0.0, 0.0, 0.0, 0.0, 0.0, 0.0, 0.0, 0.0, 0.0, 0.0, 0.0, 0.0]",scheduled_hold
2021-04-16,199,False,"[0.0, 0.0, 0.0, 0.0, 0.0, 0.0, 0.0, 0.0, 0.0, 0.0, 0.0, 0.0, 0.0, 0.0, 0.0, 0.0, 0.0, 0.0, 0.0, 0.0, 0.0, 0.0, 0.0, 0.0, 0.0, 0.0, 0.0, 0.0]",scheduled_hold
2021-04-19,200,True,"[0.04333427548408508, 0.004989590495824814, 0.06044759601354599, 0.0666186735033989, -0.1393635869026184, 0.14181722700595856, -0.09147500991821289, -0.17253096401691437, -0.05603497847914696, -0.18891683220863342, 0.1548110842704773, 0.20195409655570984, -0.05451354756951332, -0.020361293107271194, 0.04071791470050812, 0.09379690140485764, 0.2739321291446686, 0.0584227591753006, -0.1477791965007782, 0.17536163330078125, -0.13352541625499725, -0.06733889132738113, -0.03855302184820175, 0.14922122657299042, 0.09815678000450134, -0.03521478548645973, 0.0477256141602993, -0.03374262526631355]",model_decision
2021-04-20,201,False,"[0.0, 0.0, 0.0, 0.0, 0.0, 0.0, 0.0, 0.0, 0.0, 0.0, 0.0, 0.0, 0.0, 0.0, 0.0, 0.0, 0.0, 0.0, 0.0, 0.0, 0.0, 0.0, 0.0, 0.0, 0.0, 0.0, 0.0, 0.0]",scheduled_hold
2021-04-21,202,False,"[0.0, 0.0, 0.0, 0.0, 0.0, 0.0, 0.0, 0.0, 0.0, 0.0, 0.0, 0.0, 0.0, 0.0, 0.0, 0.0, 0.0, 0.0, 0.0, 0.0, 0.0, 0.0, 0.0, 0.0, 0.0, 0.0, 0.0, 0.0]",scheduled_hold
2021-04-22,203,False,"[0.0, 0.0, 0.0, 0.0, 0.0, 0.0, 0.0, 0.0, 0.0, 0.0, 0.0, 0.0, 0.0, 0.0, 0.0, 0.0, 0.0, 0.0, 0.0, 0.0, 0.0, 0.0, 0.0, 0.0, 0.0, 0.0, 0.0, 0.0]",scheduled_hold
2021-04-23,204,False,"[0.0, 0.0, 0.0, 0.0, 0.0, 0.0, 0.0, 0.0, 0.0, 0.0, 0.0, 0.0, 0.0, 0.0, 0.0, 0.0, 0.0, 0.0, 0.0, 0.0, 0.0, 0.0, 0.0, 0.0, 0.0, 0.0, 0.0, 0.0]",scheduled_hold
2021-04-26,205,True,"[0.021756617352366447, 0.02899124100804329, 0.037095509469509125, 0.08834012597799301, -0.07907822728157043, 0.09428690373897552, -0.07223663479089737, -0.15356263518333435, -0.03366859629750252, -0.17948001623153687, 0.11890576034784317, 0.12817956507205963, -0.06902377307415009, 0.02325638011097908, -0.012290209531784058, 0.12066899985074997, 0.24086809158325195, -0.03203977644443512, -0.16856679320335388, 0.14385373890399933, -0.13694588840007782, -0.1174677237868309, -0.11330892890691757, 0.12665089964866638, 0.0994219183921814, -0.004788757301867008, 0.056710489094257355, 0.002095104195177555]",model_decision
2021-04-27,206,False,"[0.0, 0.0, 0.0, 0.0, 0.0, 0.0, 0.0, 0.0, 0.0, 0.0, 0.0, 0.0, 0.0, 0.0, 0.0, 0.0, 0.0, 0.0, 0.0, 0.0, 0.0, 0.0, 0.0, 0.0, 0.0, 0.0, 0.0, 0.0]",scheduled_hold
2021-04-28,207,False,"[0.0, 0.0, 0.0, 0.0, 0.0, 0.0, 0.0, 0.0, 0.0, 0.0, 0.0, 0.0, 0.0, 0.0, 0.0, 0.0, 0.0, 0.0, 0.0, 0.0, 0.0, 0.0, 0.0, 0.0, 0.0, 0.0, 0.0, 0.0]",scheduled_hold
2021-04-29,208,False,"[0.0, 0.0, 0.0, 0.0, 0.0, 0.0, 0.0, 0.0, 0.0, 0.0, 0.0, 0.0, 0.0, 0.0, 0.0, 0.0, 0.0, 0.0, 0.0, 0.0, 0.0, 0.0, 0.0, 0.0, 0.0, 0.0, 0.0, 0.0]",scheduled_hold
2021-04-30,209,False,"[0.0, 0.0, 0.0, 0.0, 0.0, 0.0, 0.0, 0.0, 0.0, 0.0, 0.0, 0.0, 0.0, 0.0, 0.0, 0.0, 0.0, 0.0, 0.0, 0.0, 0.0, 0.0, 0.0, 0.0, 0.0, 0.0, 0.0, 0.0]",scheduled_hold
2021-05-03,210,True,"[0.024543864652514458, -0.01638801023364067, 0.07548483461141586, 0.09297481924295425, -0.11559878289699554, 0.14999793469905853, -0.08818467706441879, -0.14731641113758087, -0.009178526699543, -0.16877812147140503, 0.12027665972709656, 0.15003618597984314, -0.02349451743066311, -0.013177450746297836, -0.016963612288236618, 0.1095976009964943, 0.1960446536540985, -0.05704152584075928, -0.15385279059410095, 0.17221596837043762, -0.11608856171369553, -0.08229539543390274, -0.08202941715717316, 0.19525150954723358, 0.10060075670480728, -0.0018458524718880653, 0.030849628150463104, 0.02784070372581482]",model_decision
2021-05-04,211,False,"[0.0, 0.0, 0.0, 0.0, 0.0, 0.0, 0.0, 0.0, 0.0, 0.0, 0.0, 0.0, 0.0, 0.0, 0.0, 0.0, 0.0, 0.0, 0.0, 0.0, 0.0, 0.0, 0.0, 0.0, 0.0, 0.0, 0.0, 0.0]",scheduled_hold
2021-05-05,212,False,"[0.0, 0.0, 0.0, 0.0, 0.0, 0.0, 0.0, 0.0, 0.0, 0.0, 0.0, 0.0, 0.0, 0.0, 0.0, 0.0, 0.0, 0.0, 0.0, 0.0, 0.0, 0.0, 0.0, 0.0, 0.0, 0.0, 0.0, 0.0]",scheduled_hold
2021-05-06,213,False,"[0.0, 0.0, 0.0, 0.0, 0.0, 0.0, 0.0, 0.0, 0.0, 0.0, 0.0, 0.0, 0.0, 0.0, 0.0, 0.0, 0.0, 0.0, 0.0, 0.0, 0.0, 0.0, 0.0, 0.0, 0.0, 0.0, 0.0, 0.0]",scheduled_hold
2021-05-07,214,False,"[0.0, 0.0, 0.0, 0.0, 0.0, 0.0, 0.0, 0.0, 0.0, 0.0, 0.0, 0.0, 0.0, 0.0, 0.0, 0.0, 0.0, 0.0, 0.0, 0.0, 0.0, 0.0, 0.0, 0.0, 0.0, 0.0, 0.0, 0.0]",scheduled_hold
2021-05-10,215,True,"[0.022240424528717995, -0.10547177493572235, 0.06175164878368378, 0.15223881602287292, -0.17017459869384766, 0.18227019906044006, -0.09044519066810608, -0.1369386911392212, -0.012641150504350662, -0.19345243275165558, 0.14906181395053864, 0.16509518027305603, 0.03852264955639839, 0.006436128634959459, -0.012663668021559715, 0.0688856765627861, 0.2514761686325073, 0.018232429400086403, -0.14852315187454224, 0.21316827833652496, -0.03362540155649185, -0.009651369415223598, -0.08544287085533142, 0.24491940438747406, 0.17541268467903137, -0.07276801019906998, 0.09500855207443237, 0.08866342902183533]",model_decision
2021-05-11,216,False,"[0.0, 0.0, 0.0, 0.0, 0.0, 0.0, 0.0, 0.0, 0.0, 0.0, 0.0, 0.0, 0.0, 0.0, 0.0, 0.0, 0.0, 0.0, 0.0, 0.0, 0.0, 0.0, 0.0, 0.0, 0.0, 0.0, 0.0, 0.0]",scheduled_hold
2021-05-12,217,False,"[0.0, 0.0, 0.0, 0.0, 0.0, 0.0, 0.0, 0.0, 0.0, 0.0, 0.0, 0.0, 0.0, 0.0, 0.0, 0.0, 0.0, 0.0, 0.0, 0.0, 0.0, 0.0, 0.0, 0.0, 0.0, 0.0, 0.0, 0.0]",scheduled_hold
2021-05-13,218,False,"[0.0, 0.0, 0.0, 0.0, 0.0, 0.0, 0.0, 0.0, 0.0, 0.0, 0.0, 0.0, 0.0, 0.0, 0.0, 0.0, 0.0, 0.0, 0.0, 0.0, 0.0, 0.0, 0.0, 0.0, 0.0, 0.0, 0.0, 0.0]",scheduled_hold
2021-05-14,219,False,"[0.0, 0.0, 0.0, 0.0, 0.0, 0.0, 0.0, 0.0, 0.0, 0.0, 0.0, 0.0, 0.0, 0.0, 0.0, 0.0, 0.0, 0.0, 0.0, 0.0, 0.0, 0.0, 0.0, 0.0, 0.0, 0.0, 0.0, 0.0]",scheduled_hold
2021-05-17,220,True,"[0.0037685539573431015, -0.1034555584192276, 0.029458915814757347, 0.066258504986763, -0.26294460892677307, 0.13107940554618835, -0.1253688633441925, -0.09968025237321854, -0.028108933940529823, -0.15301111340522766, 0.21047624945640564, 0.24726316332817078, -0.0098074059933424, -0.04753025993704796, -0.072678342461586, 0.005458512343466282, 0.2609213888645172, 0.003182167187333107, -0.14910456538200378, 0.11109854280948639, -0.09059635549783707, -0.10754548013210297, 0.012498950585722923, 0.2149968445301056, 0.09194814413785934, -0.1094612404704094, 0.11523251980543137, 0.12660324573516846]",model_decision
2021-05-18,221,False,"[0.0, 0.0, 0.0, 0.0, 0.0, 0.0, 0.0, 0.0, 0.0, 0.0, 0.0, 0.0, 0.0, 0.0, 0.0, 0.0, 0.0, 0.0, 0.0, 0.0, 0.0, 0.0, 0.0, 0.0, 0.0, 0.0, 0.0, 0.0]",scheduled_hold
2021-05-19,222,False,"[0.0, 0.0, 0.0, 0.0, 0.0, 0.0, 0.0, 0.0, 0.0, 0.0, 0.0, 0.0, 0.0, 0.0, 0.0, 0.0, 0.0, 0.0, 0.0, 0.0, 0.0, 0.0, 0.0, 0.0, 0.0, 0.0, 0.0, 0.0]",scheduled_hold
2021-05-20,223,False,"[0.0, 0.0, 0.0, 0.0, 0.0, 0.0, 0.0, 0.0, 0.0, 0.0, 0.0, 0.0, 0.0, 0.0, 0.0, 0.0, 0.0, 0.0, 0.0, 0.0, 0.0, 0.0, 0.0, 0.0, 0.0, 0.0, 0.0, 0.0]",scheduled_hold
2021-05-21,224,False,"[0.0, 0.0, 0.0, 0.0, 0.0, 0.0, 0.0, 0.0, 0.0, 0.0, 0.0, 0.0, 0.0, 0.0, 0.0, 0.0, 0.0, 0.0, 0.0, 0.0, 0.0, 0.0, 0.0, 0.0, 0.0, 0.0, 0.0, 0.0]",scheduled_hold
2021-05-24,225,True,"[0.0035506542772054672, -0.06334878504276276, 0.0300494022667408, 0.16170813143253326, -0.1052684485912323, 0.08657395839691162, -0.018806781619787216, -0.13654015958309174, -0.0244553554803133, -0.1992824375629425, 0.14350301027297974, 0.22454988956451416, -0.0025884711649268866, 0.03628789260983467, -0.05885796993970871, 0.06965756416320801, 0.33651062846183777, 0.0016365069895982742, -0.1680746227502823, 0.19472642242908478, -0.057794418185949326, -0.12421084195375443, -0.07969944179058075, 0.17163780331611633, 0.1634322702884674, -0.109508216381073, 0.11716627329587936, 0.06749828159809113]",model_decision
2021-05-25,226,False,"[0.0, 0.0, 0.0, 0.0, 0.0, 0.0, 0.0, 0.0, 0.0, 0.0, 0.0, 0.0, 0.0, 0.0, 0.0, 0.0, 0.0, 0.0, 0.0, 0.0, 0.0, 0.0, 0.0, 0.0, 0.0, 0.0, 0.0, 0.0]",scheduled_hold
2021-05-26,227,False,"[0.0, 0.0, 0.0, 0.0, 0.0, 0.0, 0.0, 0.0, 0.0, 0.0, 0.0, 0.0, 0.0, 0.0, 0.0, 0.0, 0.0, 0.0, 0.0, 0.0, 0.0, 0.0, 0.0, 0.0, 0.0, 0.0, 0.0, 0.0]",scheduled_hold
2021-05-27,228,False,"[0.0, 0.0, 0.0, 0.0, 0.0, 0.0, 0.0, 0.0, 0.0, 0.0, 0.0, 0.0, 0.0, 0.0, 0.0, 0.0, 0.0, 0.0, 0.0, 0.0, 0.0, 0.0, 0.0, 0.0, 0.0, 0.0, 0.0, 0.0]",scheduled_hold
2021-05-28,229,False,"[0.0, 0.0, 0.0, 0.0, 0.0, 0.0, 0.0, 0.0, 0.0, 0.0, 0.0, 0.0, 0.0, 0.0, 0.0, 0.0, 0.0, 0.0, 0.0, 0.0, 0.0, 0.0, 0.0, 0.0, 0.0, 0.0, 0.0, 0.0]",scheduled_hold
2021-06-01,230,True,"[0.08944093436002731, -0.1357024759054184, 0.004940889310091734, 0.054774582386016846, -0.25639668107032776, 0.16403092443943024, -0.1451067477464676, -0.022403622046113014, -0.07255986332893372, -0.15549680590629578, 0.2608216404914856, 0.2669432759284973, -0.028146157041192055, -0.07958605885505676, 0.025194458663463593, -0.0005753999575972557, 0.3429332673549652, 0.05156053602695465, -0.16728045046329498, 0.12347172200679779, -0.12298610061407089, -0.0656857118010521, 0.030901914462447166, 0.28716206550598145, 0.08322659879922867, -0.12718449532985687, 0.07262229174375534, 0.07183697819709778]",model_decision
2021-06-02,231,False,"[0.0, 0.0, 0.0, 0.0, 0.0, 0.0, 0.0, 0.0, 0.0, 0.0, 0.0, 0.0, 0.0, 0.0, 0.0, 0.0, 0.0, 0.0, 0.0, 0.0, 0.0, 0.0, 0.0, 0.0, 0.0, 0.0, 0.0, 0.0]",scheduled_hold
2021-06-03,232,False,"[0.0, 0.0, 0.0, 0.0, 0.0, 0.0, 0.0, 0.0, 0.0, 0.0, 0.0, 0.0, 0.0, 0.0, 0.0, 0.0, 0.0, 0.0, 0.0, 0.0, 0.0, 0.0, 0.0, 0.0, 0.0, 0.0, 0.0, 0.0]",scheduled_hold
2021-06-04,233,False,"[0.0, 0.0, 0.0, 0.0, 0.0, 0.0, 0.0, 0.0, 0.0, 0.0, 0.0, 0.0, 0.0, 0.0, 0.0, 0.0, 0.0, 0.0, 0.0, 0.0, 0.0, 0.0, 0.0, 0.0, 0.0, 0.0, 0.0, 0.0]",scheduled_hold
2021-06-07,234,False,"[0.0, 0.0, 0.0, 0.0, 0.0, 0.0, 0.0, 0.0, 0.0, 0.0, 0.0, 0.0, 0.0, 0.0, 0.0, 0.0, 0.0, 0.0, 0.0, 0.0, 0.0, 0.0, 0.0, 0.0, 0.0, 0.0, 0.0, 0.0]",scheduled_hold
2021-06-08,235,True,"[0.08944118022918701, -0.135702446103096, 0.0049408297054469585, 0.054774440824985504, -0.25639650225639343, 0.16403107345104218, -0.14510692656040192, -0.022403649985790253, -0.0725603923201561, -0.15549612045288086, 0.26082152128219604, 0.2669427692890167, -0.02814665250480175, -0.07958591729402542, 0.025194969028234482, -0.0005744239315390587, 0.3429328501224518, 0.05156072974205017, -0.16728077828884125, 0.1234712302684784, -0.12298671156167984, -0.06568566709756851, 0.03090164251625538, 0.2871618866920471, 0.08322664350271225, -0.127184197306633, 0.0726219192147255, 0.07183650135993958]",model_decision
2021-06-09,236,False,"[0.0, 0.0, 0.0, 0.0, 0.0, 0.0, 0.0, 0.0, 0.0, 0.0, 0.0, 0.0, 0.0, 0.0, 0.0, 0.0, 0.0, 0.0, 0.0, 0.0, 0.0, 0.0, 0.0, 0.0, 0.0, 0.0, 0.0, 0.0]",scheduled_hold
2021-06-10,237,False,"[0.0, 0.0, 0.0, 0.0, 0.0, 0.0, 0.0, 0.0, 0.0, 0.0, 0.0, 0.0, 0.0, 0.0, 0.0, 0.0, 0.0, 0.0, 0.0, 0.0, 0.0, 0.0, 0.0, 0.0, 0.0, 0.0, 0.0, 0.0]",scheduled_hold
2021-06-11,238,False,"[0.0, 0.0, 0.0, 0.0, 0.0, 0.0, 0.0, 0.0, 0.0, 0.0, 0.0, 0.0, 0.0, 0.0, 0.0, 0.0, 0.0, 0.0, 0.0, 0.0, 0.0, 0.0, 0.0, 0.0, 0.0, 0.0, 0.0, 0.0]",scheduled_hold
2021-06-14,239,False,"[0.0, 0.0, 0.0, 0.0, 0.0, 0.0, 0.0, 0.0, 0.0, 0.0, 0.0, 0.0, 0.0, 0.0, 0.0, 0.0, 0.0, 0.0, 0.0, 0.0, 0.0, 0.0, 0.0, 0.0, 0.0, 0.0, 0.0, 0.0]",scheduled_hold
2021-06-15,240,True,"[0.09269525855779648, -0.05585459619760513, -0.0069988747127354145, 0.024110518395900726, -0.16028356552124023, 0.14072635769844055, -0.16664135456085205, -0.056680984795093536, -0.07268137484788895, -0.1394789218902588, 0.21149511635303497, 0.15295490622520447, -0.08491101115942001, -0.04104037210345268, 0.08235101401805878, 0.10671906173229218, 0.24304918944835663, 0.025138327851891518, -0.16593702137470245, 0.10677672922611237, -0.18458674848079681, -0.041371870785951614, -0.028730405494570732, 0.19921453297138214, 0.07891406863927841, -0.03842413052916527, 0.015758022665977478, -0.005586116574704647]",model_decision
2021-06-16,241,False,"[0.0, 0.0, 0.0, 0.0, 0.0, 0.0, 0.0, 0.0, 0.0, 0.0, 0.0, 0.0, 0.0, 0.0, 0.0, 0.0, 0.0, 0.0, 0.0, 0.0, 0.0, 0.0, 0.0, 0.0, 0.0, 0.0, 0.0, 0.0]",scheduled_hold
2021-06-17,242,False,"[0.0, 0.0, 0.0, 0.0, 0.0, 0.0, 0.0, 0.0, 0.0, 0.0, 0.0, 0.0, 0.0, 0.0, 0.0, 0.0, 0.0, 0.0, 0.0, 0.0, 0.0, 0.0, 0.0, 0.0, 0.0, 0.0, 0.0, 0.0]",scheduled_hold
2021-06-18,243,False,"[0.0, 0.0, 0.0, 0.0, 0.0, 0.0, 0.0, 0.0, 0.0, 0.0, 0.0, 0.0, 0.0, 0.0, 0.0, 0.0, 0.0, 0.0, 0.0, 0.0, 0.0, 0.0, 0.0, 0.0, 0.0, 0.0, 0.0, 0.0]",scheduled_hold
2021-06-21,244,False,"[0.0, 0.0, 0.0, 0.0, 0.0, 0.0, 0.0, 0.0, 0.0, 0.0, 0.0, 0.0, 0.0, 0.0, 0.0, 0.0, 0.0, 0.0, 0.0, 0.0, 0.0, 0.0, 0.0, 0.0, 0.0, 0.0, 0.0, 0.0]",scheduled_hold
2021-06-22,245,True,"[0.11272715777158737, -0.03162586688995361, 0.10467850416898727, 0.06194934993982315, -0.08357945084571838, 0.1700173318386078, -0.05810226872563362, -0.18045000731945038, -0.05539417266845703, -0.15348225831985474, 0.1640080213546753, 0.1299128532409668, 0.028080379590392113, 0.0023874607868492603, -0.009370125830173492, 0.07274524122476578, 0.24076661467552185, -0.014092551544308662, -0.1272614747285843, 0.26477953791618347, -0.12069656699895859, -0.014684704132378101, -0.096381776034832, 0.25030481815338135, 0.09991154074668884, 0.03520454093813896, -0.048239439725875854, 0.010222219862043858]",model_decision
2021-06-23,246,False,"[0.0, 0.0, 0.0, 0.0, 0.0, 0.0, 0.0, 0.0, 0.0, 0.0, 0.0, 0.0, 0.0, 0.0, 0.0, 0.0, 0.0, 0.0, 0.0, 0.0, 0.0, 0.0, 0.0, 0.0, 0.0, 0.0, 0.0, 0.0]",scheduled_hold
2021-06-24,247,False,"[0.0, 0.0, 0.0, 0.0, 0.0, 0.0, 0.0, 0.0, 0.0, 0.0, 0.0, 0.0, 0.0, 0.0, 0.0, 0.0, 0.0, 0.0, 0.0, 0.0, 0.0, 0.0, 0.0, 0.0, 0.0, 0.0, 0.0, 0.0]",scheduled_hold
2021-06-25,248,False,"[0.0, 0.0, 0.0, 0.0, 0.0, 0.0, 0.0, 0.0, 0.0, 0.0, 0.0, 0.0, 0.0, 0.0, 0.0, 0.0, 0.0, 0.0, 0.0, 0.0, 0.0, 0.0, 0.0, 0.0, 0.0, 0.0, 0.0, 0.0]",scheduled_hold
2021-06-28,249,False,"[0.0, 0.0, 0.0, 0.0, 0.0, 0.0, 0.0, 0.0, 0.0, 0.0, 0.0, 0.0, 0.0, 0.0, 0.0, 0.0, 0.0, 0.0, 0.0, 0.0, 0.0, 0.0, 0.0, 0.0, 0.0, 0.0, 0.0, 0.0]",scheduled_hold
2021-06-29,250,True,"[0.06932594627141953, -0.0870559960603714, 0.09847714751958847, 0.10419151186943054, -0.09156696498394012, 0.15013280510902405, -0.07011790573596954, -0.1570998877286911, -0.05639684200286865, -0.1536525934934616, 0.11332722008228302, 0.14673064649105072, -0.00695749931037426, 0.022351879626512527, 0.019469253718852997, 0.12913309037685394, 0.18729470670223236, -0.04358904808759689, -0.13197815418243408, 0.2337089478969574, -0.10065121203660965, -0.029586773365736008, -0.08731836825609207, 0.1725599318742752, 0.14479181170463562, -0.03872352093458176, -0.004857709165662527, -0.04350126534700394]",model_decision
2021-06-30,251,False,"[0.0, 0.0, 0.0, 0.0, 0.0, 0.0, 0.0, 0.0, 0.0, 0.0, 0.0, 0.0, 0.0, 0.0, 0.0, 0.0, 0.0, 0.0, 0.0, 0.0, 0.0, 0.0, 0.0, 0.0, 0.0, 0.0, 0.0, 0.0]",scheduled_hold
2021-07-01,252,False,"[0.0, 0.0, 0.0, 0.0, 0.0, 0.0, 0.0, 0.0, 0.0, 0.0, 0.0, 0.0, 0.0, 0.0, 0.0, 0.0, 0.0, 0.0, 0.0, 0.0, 0.0, 0.0, 0.0, 0.0, 0.0, 0.0, 0.0, 0.0]",scheduled_hold
2021-07-02,253,False,"[0.0, 0.0, 0.0, 0.0, 0.0, 0.0, 0.0, 0.0, 0.0, 0.0, 0.0, 0.0, 0.0, 0.0, 0.0, 0.0, 0.0, 0.0, 0.0, 0.0, 0.0, 0.0, 0.0, 0.0, 0.0, 0.0, 0.0, 0.0]",scheduled_hold
2021-07-06,254,False,"[0.0, 0.0, 0.0, 0.0, 0.0, 0.0, 0.0, 0.0, 0.0, 0.0, 0.0, 0.0, 0.0, 0.0, 0.0, 0.0, 0.0, 0.0, 0.0, 0.0, 0.0, 0.0, 0.0, 0.0, 0.0, 0.0, 0.0, 0.0]",scheduled_hold
2021-07-07,255,True,"[0.09176717698574066, -0.08105424046516418, 0.05343342944979668, 0.13267508149147034, -0.0721965804696083, 0.13206420838832855, -0.055363357067108154, -0.15153855085372925, 0.02733886055648327, -0.24681703746318817, 0.12328281998634338, 0.17256321012973785, 0.01511898823082447, 0.05605745315551758, -0.021138418465852737, 0.0679243728518486, 0.22109895944595337, -0.04111102223396301, -0.1004146933555603, 0.33389633893966675, -0.03779425472021103, -0.029693230986595154, -0.05001670867204666, 0.19474758207798004, 0.14592327177524567, -0.04494274780154228, 0.02397097647190094, -0.017463453114032745]",model_decision
2021-07-08,256,False,"[0.0, 0.0, 0.0, 0.0, 0.0, 0.0, 0.0, 0.0, 0.0, 0.0, 0.0, 0.0, 0.0, 0.0, 0.0, 0.0, 0.0, 0.0, 0.0, 0.0, 0.0, 0.0, 0.0, 0.0, 0.0, 0.0, 0.0, 0.0]",scheduled_hold
2021-07-09,257,False,"[0.0, 0.0, 0.0, 0.0, 0.0, 0.0, 0.0, 0.0, 0.0, 0.0, 0.0, 0.0, 0.0, 0.0, 0.0, 0.0, 0.0, 0.0, 0.0, 0.0, 0.0, 0.0, 0.0, 0.0, 0.0, 0.0, 0.0, 0.0]",scheduled_hold
2021-07-12,258,False,"[0.0, 0.0, 0.0, 0.0, 0.0, 0.0, 0.0, 0.0, 0.0, 0.0, 0.0, 0.0, 0.0, 0.0, 0.0, 0.0, 0.0, 0.0, 0.0, 0.0, 0.0, 0.0, 0.0, 0.0, 0.0, 0.0, 0.0, 0.0]",scheduled_hold
2021-07-13,259,False,"[0.0, 0.0, 0.0, 0.0, 0.0, 0.0, 0.0, 0.0, 0.0, 0.0, 0.0, 0.0, 0.0, 0.0, 0.0, 0.0, 0.0, 0.0, 0.0, 0.0, 0.0, 0.0, 0.0, 0.0, 0.0, 0.0, 0.0, 0.0]",scheduled_hold
2021-07-14,260,True,"[0.07111088931560516, -0.10813049972057343, 0.10487375408411026, 0.11494668573141098, -0.155164435505867, 0.18736380338668823, -0.07321997731924057, -0.17770570516586304, -0.05664651095867157, -0.1466861218214035, 0.12647199630737305, 0.20119962096214294, 0.00894964300096035, 0.001857940573245287, 0.03326699882745743, 0.11525321751832962, 0.19145171344280243, 0.03893604874610901, -0.10923130810260773, 0.2151394486427307, -0.08003462105989456, -0.023135587573051453, -0.03487146645784378, 0.15148405730724335, 0.1634298712015152, -0.07018137723207474, 0.02536778151988983, -0.05365417152643204]",model_decision
2021-07-15,261,False,"[0.0, 0.0, 0.0, 0.0, 0.0, 0.0, 0.0, 0.0, 0.0, 0.0, 0.0, 0.0, 0.0, 0.0, 0.0, 0.0, 0.0, 0.0, 0.0, 0.0, 0.0, 0.0, 0.0, 0.0, 0.0, 0.0, 0.0, 0.0]",scheduled_hold
2021-07-16,262,False,"[0.0, 0.0, 0.0, 0.0, 0.0, 0.0, 0.0, 0.0, 0.0, 0.0, 0.0, 0.0, 0.0, 0.0, 0.0, 0.0, 0.0, 0.0, 0.0, 0.0, 0.0, 0.0, 0.0, 0.0, 0.0, 0.0, 0.0, 0.0]",scheduled_hold
2021-07-19,263,False,"[0.0, 0.0, 0.0, 0.0, 0.0, 0.0, 0.0, 0.0, 0.0, 0.0, 0.0, 0.0, 0.0, 0.0, 0.0, 0.0, 0.0, 0.0, 0.0, 0.0, 0.0, 0.0, 0.0, 0.0, 0.0, 0.0, 0.0, 0.0]",scheduled_hold
2021-07-20,264,False,"[0.0, 0.0, 0.0, 0.0, 0.0, 0.0, 0.0, 0.0, 0.0, 0.0, 0.0, 0.0, 0.0, 0.0, 0.0, 0.0, 0.0, 0.0, 0.0, 0.0, 0.0, 0.0, 0.0, 0.0, 0.0, 0.0, 0.0, 0.0]",scheduled_hold
2021-07-21,265,True,"[0.041352227330207825, -0.0449947752058506, 0.07652278244495392, 0.09569460153579712, -0.16208016872406006, 0.18723657727241516, -0.08236227184534073, -0.17028938233852386, -0.015799827873706818, -0.1489797830581665, 0.13075554370880127, 0.18807262182235718, -0.009573468938469887, -0.027551233768463135, 0.0063023995608091354, 0.09473773837089539, 0.1923951655626297, 0.030322352424263954, -0.11901973932981491, 0.14533069729804993, -0.1018294021487236, -0.06994699686765671, -0.03049434907734394, 0.18357406556606293, 0.11485198140144348, -0.033388882875442505, 0.052774399518966675, 0.014508780092000961]",model_decision
2021-07-22,266,False,"[0.0, 0.0, 0.0, 0.0, 0.0, 0.0, 0.0, 0.0, 0.0, 0.0, 0.0, 0.0, 0.0, 0.0, 0.0, 0.0, 0.0, 0.0, 0.0, 0.0, 0.0, 0.0, 0.0, 0.0, 0.0, 0.0, 0.0, 0.0]",scheduled_hold
2021-07-23,267,False,"[0.0, 0.0, 0.0, 0.0, 0.0, 0.0, 0.0, 0.0, 0.0, 0.0, 0.0, 0.0, 0.0, 0.0, 0.0, 0.0, 0.0, 0.0, 0.0, 0.0, 0.0, 0.0, 0.0, 0.0, 0.0, 0.0, 0.0, 0.0]",scheduled_hold
2021-07-26,268,False,"[0.0, 0.0, 0.0, 0.0, 0.0, 0.0, 0.0, 0.0, 0.0, 0.0, 0.0, 0.0, 0.0, 0.0, 0.0, 0.0, 0.0, 0.0, 0.0, 0.0, 0.0, 0.0, 0.0, 0.0, 0.0, 0.0, 0.0, 0.0]",scheduled_hold
2021-07-27,269,False,"[0.0, 0.0, 0.0, 0.0, 0.0, 0.0, 0.0, 0.0, 0.0, 0.0, 0.0, 0.0, 0.0, 0.0, 0.0, 0.0, 0.0, 0.0, 0.0, 0.0, 0.0, 0.0, 0.0, 0.0, 0.0, 0.0, 0.0, 0.0]",scheduled_hold
2021-07-28,270,True,"[0.057463496923446655, -0.034536998718976974, 0.10456422716379166, 0.06412800401449203, -0.13397368788719177, 0.15903395414352417, -0.10729905962944031, -0.14701297879219055, -0.03811197727918625, -0.17256523668766022, 0.1398685723543167, 0.1604796200990677, -0.015091786161065102, -0.018798913806676865, 0.02650890126824379, 0.10063371062278748, 0.21774274110794067, -0.0497111901640892, -0.16285216808319092, 0.21871931850910187, -0.12757720053195953, -0.037240542471408844, -0.05911226570606232, 0.21697358787059784, 0.09705005586147308, -0.017538033425807953, 0.009097293950617313, -0.008159290067851543]",model_decision
2021-07-29,271,False,"[0.0, 0.0, 0.0, 0.0, 0.0, 0.0, 0.0, 0.0, 0.0, 0.0, 0.0, 0.0, 0.0, 0.0, 0.0, 0.0, 0.0, 0.0, 0.0, 0.0, 0.0, 0.0, 0.0, 0.0, 0.0, 0.0, 0.0, 0.0]",scheduled_hold
2021-07-30,272,False,"[0.0, 0.0, 0.0, 0.0, 0.0, 0.0, 0.0, 0.0, 0.0, 0.0, 0.0, 0.0, 0.0, 0.0, 0.0, 0.0, 0.0, 0.0, 0.0, 0.0, 0.0, 0.0, 0.0, 0.0, 0.0, 0.0, 0.0, 0.0]",scheduled_hold
2021-08-02,273,False,"[0.0, 0.0, 0.0, 0.0, 0.0, 0.0, 0.0, 0.0, 0.0, 0.0, 0.0, 0.0, 0.0, 0.0, 0.0, 0.0, 0.0, 0.0, 0.0, 0.0, 0.0, 0.0, 0.0, 0.0, 0.0, 0.0, 0.0, 0.0]",scheduled_hold
2021-08-03,274,False,"[0.0, 0.0, 0.0, 0.0, 0.0, 0.0, 0.0, 0.0, 0.0, 0.0, 0.0, 0.0, 0.0, 0.0, 0.0, 0.0, 0.0, 0.0, 0.0, 0.0, 0.0, 0.0, 0.0, 0.0, 0.0, 0.0, 0.0, 0.0]",scheduled_hold
2021-08-04,275,True,"[0.06706373393535614, -0.0651571974158287, 0.09131903201341629, 0.08940910547971725, -0.08098725229501724, 0.1557885706424713, -0.13767287135124207, -0.1624646782875061, -0.05663172900676727, -0.1715940535068512, 0.10782161355018616, 0.06714443862438202, -0.003731062402948737, 0.04297162592411041, 0.07258017361164093, 0.13120383024215698, 0.15657489001750946, -0.012867985293269157, -0.15889737010002136, 0.22208203375339508, -0.09277956187725067, 0.05846371874213219, -0.1255452185869217, 0.14546117186546326, 0.1537417322397232, -0.007294504903256893, -0.018558871001005173, -0.047905027866363525]",model_decision
2021-08-05,276,False,"[0.0, 0.0, 0.0, 0.0, 0.0, 0.0, 0.0, 0.0, 0.0, 0.0, 0.0, 0.0, 0.0, 0.0, 0.0, 0.0, 0.0, 0.0, 0.0, 0.0, 0.0, 0.0, 0.0, 0.0, 0.0, 0.0, 0.0, 0.0]",scheduled_hold
2021-08-06,277,False,"[0.0, 0.0, 0.0, 0.0, 0.0, 0.0, 0.0, 0.0, 0.0, 0.0, 0.0, 0.0, 0.0, 0.0, 0.0, 0.0, 0.0, 0.0, 0.0, 0.0, 0.0, 0.0, 0.0, 0.0, 0.0, 0.0, 0.0, 0.0]",scheduled_hold
2021-08-09,278,False,"[0.0, 0.0, 0.0, 0.0, 0.0, 0.0, 0.0, 0.0, 0.0, 0.0, 0.0, 0.0, 0.0, 0.0, 0.0, 0.0, 0.0, 0.0, 0.0, 0.0, 0.0, 0.0, 0.0, 0.0, 0.0, 0.0, 0.0, 0.0]",scheduled_hold
2021-08-10,279,False,"[0.0, 0.0, 0.0, 0.0, 0.0, 0.0, 0.0, 0.0, 0.0, 0.0, 0.0, 0.0, 0.0, 0.0, 0.0, 0.0, 0.0, 0.0, 0.0, 0.0, 0.0, 0.0, 0.0, 0.0, 0.0, 0.0, 0.0, 0.0]",scheduled_hold
2021-08-11,280,True,"[0.1033356785774231, -0.052221138030290604, 0.06481072306632996, 0.054554738104343414, -0.06789378821849823, 0.14732107520103455, -0.13185136020183563, -0.1584797352552414, -0.028845785185694695, -0.20259705185890198, 0.09641698747873306, 0.0756075382232666, -0.017248939722776413, 0.09193138778209686, 0.08016033470630646, 0.11774907261133194, 0.11062963306903839, -0.031932853162288666, -0.135554239153862, 0.2626990079879761, -0.06631867587566376, 0.0580126978456974, -0.09751017391681671, 0.15971235930919647, 0.19362618029117584, 0.023776281625032425, -0.07342967391014099, -0.05961707979440689]",model_decision
2021-08-12,281,False,"[0.0, 0.0, 0.0, 0.0, 0.0, 0.0, 0.0, 0.0, 0.0, 0.0, 0.0, 0.0, 0.0, 0.0, 0.0, 0.0, 0.0, 0.0, 0.0, 0.0, 0.0, 0.0, 0.0, 0.0, 0.0, 0.0, 0.0, 0.0]",scheduled_hold
2021-08-13,282,False,"[0.0, 0.0, 0.0, 0.0, 0.0, 0.0, 0.0, 0.0, 0.0, 0.0, 0.0, 0.0, 0.0, 0.0, 0.0, 0.0, 0.0, 0.0, 0.0, 0.0, 0.0, 0.0, 0.0, 0.0, 0.0, 0.0, 0.0, 0.0]",scheduled_hold
2021-08-16,283,False,"[0.0, 0.0, 0.0, 0.0, 0.0, 0.0, 0.0, 0.0, 0.0, 0.0, 0.0, 0.0, 0.0, 0.0, 0.0, 0.0, 0.0, 0.0, 0.0, 0.0, 0.0, 0.0, 0.0, 0.0, 0.0, 0.0, 0.0, 0.0]",scheduled_hold
2021-08-17,284,False,"[0.0, 0.0, 0.0, 0.0, 0.0, 0.0, 0.0, 0.0, 0.0, 0.0, 0.0, 0.0, 0.0, 0.0, 0.0, 0.0, 0.0, 0.0, 0.0, 0.0, 0.0, 0.0, 0.0, 0.0, 0.0, 0.0, 0.0, 0.0]",scheduled_hold
2021-08-18,285,True,"[0.011788500472903252, -0.03209866210818291, 0.13524949550628662, 0.036302126944065094, -0.21184559166431427, 0.16568996012210846, -0.1947828233242035, -0.212252676486969, 0.035135820508003235, -0.2156432569026947, 0.11569599062204361, 0.10870201885700226, 0.0030901788268238306, 0.003360182512551546, 0.013545803725719452, 0.04343835264444351, 0.12457120418548584, -0.044625423848629, -0.1370428055524826, 0.2332526445388794, -0.08047732710838318, 0.02564551681280136, -0.059931956231594086, 0.16632680594921112, 0.12650072574615479, -0.009764899499714375, -0.009709804318845272, 0.03645956516265869]",model_decision
2021-08-19,286,False,"[0.0, 0.0, 0.0, 0.0, 0.0, 0.0, 0.0, 0.0, 0.0, 0.0, 0.0, 0.0, 0.0, 0.0, 0.0, 0.0, 0.0, 0.0, 0.0, 0.0, 0.0, 0.0, 0.0, 0.0, 0.0, 0.0, 0.0, 0.0]",scheduled_hold
2021-08-20,287,False,"[0.0, 0.0, 0.0, 0.0, 0.0, 0.0, 0.0, 0.0, 0.0, 0.0, 0.0, 0.0, 0.0, 0.0, 0.0, 0.0, 0.0, 0.0, 0.0, 0.0, 0.0, 0.0, 0.0, 0.0, 0.0, 0.0, 0.0, 0.0]",scheduled_hold
2021-08-23,288,False,"[0.0, 0.0, 0.0, 0.0, 0.0, 0.0, 0.0, 0.0, 0.0, 0.0, 0.0, 0.0, 0.0, 0.0, 0.0, 0.0, 0.0, 0.0, 0.0, 0.0, 0.0, 0.0, 0.0, 0.0, 0.0, 0.0, 0.0, 0.0]",scheduled_hold
2021-08-24,289,False,"[0.0, 0.0, 0.0, 0.0, 0.0, 0.0, 0.0, 0.0, 0.0, 0.0, 0.0, 0.0, 0.0, 0.0, 0.0, 0.0, 0.0, 0.0, 0.0, 0.0, 0.0, 0.0, 0.0, 0.0, 0.0, 0.0, 0.0, 0.0]",scheduled_hold
2021-08-25,290,True,"[0.09898331016302109, -0.04426867142319679, 0.08153671026229858, 0.0801648274064064, -0.09992803633213043, 0.16876845061779022, -0.11798760294914246, -0.15474076569080353, -0.03319215774536133, -0.18922965228557587, 0.1143493577837944, 0.15692561864852905, 0.005630729719996452, 0.03511371836066246, 0.021957624703645706, 0.09666969627141953, 0.19903789460659027, 0.005408177152276039, -0.14437589049339294, 0.24978159368038177, -0.07399857044219971, 0.042953625321388245, -0.1100580170750618, 0.1719464510679245, 0.1666906177997589, -0.0073209600523114204, -0.04216857627034187, -0.0171516016125679]",model_decision
2021-08-26,291,False,"[0.0, 0.0, 0.0, 0.0, 0.0, 0.0, 0.0, 0.0, 0.0, 0.0, 0.0, 0.0, 0.0, 0.0, 0.0, 0.0, 0.0, 0.0, 0.0, 0.0, 0.0, 0.0, 0.0, 0.0, 0.0, 0.0, 0.0, 0.0]",scheduled_hold
2021-08-27,292,False,"[0.0, 0.0, 0.0, 0.0, 0.0, 0.0, 0.0, 0.0, 0.0, 0.0, 0.0, 0.0, 0.0, 0.0, 0.0, 0.0, 0.0, 0.0, 0.0, 0.0, 0.0, 0.0, 0.0, 0.0, 0.0, 0.0, 0.0, 0.0]",scheduled_hold
2021-08-30,293,False,"[0.0, 0.0, 0.0, 0.0, 0.0, 0.0, 0.0, 0.0, 0.0, 0.0, 0.0, 0.0, 0.0, 0.0, 0.0, 0.0, 0.0, 0.0, 0.0, 0.0, 0.0, 0.0, 0.0, 0.0, 0.0, 0.0, 0.0, 0.0]",scheduled_hold
2021-08-31,294,False,"[0.0, 0.0, 0.0, 0.0, 0.0, 0.0, 0.0, 0.0, 0.0, 0.0, 0.0, 0.0, 0.0, 0.0, 0.0, 0.0, 0.0, 0.0, 0.0, 0.0, 0.0, 0.0, 0.0, 0.0, 0.0, 0.0, 0.0, 0.0]",scheduled_hold
2021-09-01,295,True,"[0.07257125526666641, -0.06909574568271637, 0.09503371268510818, 0.08384063094854355, -0.08704335987567902, 0.15519964694976807, -0.14238132536411285, -0.16175532341003418, -0.06151703745126724, -0.17092318832874298, 0.11069852113723755, 0.06950989365577698, -0.003041384508833289, 0.041799865663051605, 0.08056152611970901, 0.12935885787010193, 0.1573609709739685, -0.010234376415610313, -0.16166982054710388, 0.22855976223945618, -0.09413953870534897, 0.0649060606956482, -0.12015921622514725, 0.14775656163692474, 0.15265275537967682, -0.00896767619997263, -0.024372030049562454, -0.053790897130966187]",model_decision
2021-09-02,296,False,"[0.0, 0.0, 0.0, 0.0, 0.0, 0.0, 0.0, 0.0, 0.0, 0.0, 0.0, 0.0, 0.0, 0.0, 0.0, 0.0, 0.0, 0.0, 0.0, 0.0, 0.0, 0.0, 0.0, 0.0, 0.0, 0.0, 0.0, 0.0]",scheduled_hold
2021-09-03,297,False,"[0.0, 0.0, 0.0, 0.0, 0.0, 0.0, 0.0, 0.0, 0.0, 0.0, 0.0, 0.0, 0.0, 0.0, 0.0, 0.0, 0.0, 0.0, 0.0, 0.0, 0.0, 0.0, 0.0, 0.0, 0.0, 0.0, 0.0, 0.0]",scheduled_hold
2021-09-07,298,False,"[0.0, 0.0, 0.0, 0.0, 0.0, 0.0, 0.0, 0.0, 0.0, 0.0, 0.0, 0.0, 0.0, 0.0, 0.0, 0.0, 0.0, 0.0, 0.0, 0.0, 0.0, 0.0, 0.0, 0.0, 0.0, 0.0, 0.0, 0.0]",scheduled_hold
2021-09-08,299,False,"[0.0, 0.0, 0.0, 0.0, 0.0, 0.0, 0.0, 0.0, 0.0, 0.0, 0.0, 0.0, 0.0, 0.0, 0.0, 0.0, 0.0, 0.0, 0.0, 0.0, 0.0, 0.0, 0.0, 0.0, 0.0, 0.0, 0.0, 0.0]",scheduled_hold
2021-09-09,300,True,"[0.048197321593761444, -0.03772217780351639, 0.12565243244171143, 0.16282133758068085, -0.15711204707622528, 0.16061854362487793, -0.14388927817344666, -0.17856177687644958, 0.0077553605660796165, -0.19754257798194885, 0.10634587705135345, 0.29044824838638306, 0.04964545741677284, -0.003173492383211851, -0.028597472235560417, 0.06246688961982727, 0.2665078043937683, 0.08373071253299713, -0.13155031204223633, 0.19131717085838318, -0.005651167128235102, -0.06209871917963028, 0.018367933109402657, 0.09701544046401978, 0.1107165515422821, -0.061434727162122726, -0.10440298169851303, 0.005459240637719631]",model_decision
2021-09-10,301,False,"[0.0, 0.0, 0.0, 0.0, 0.0, 0.0, 0.0, 0.0, 0.0, 0.0, 0.0, 0.0, 0.0, 0.0, 0.0, 0.0, 0.0, 0.0, 0.0, 0.0, 0.0, 0.0, 0.0, 0.0, 0.0, 0.0, 0.0, 0.0]",scheduled_hold
2021-09-13,302,False,"[0.0, 0.0, 0.0, 0.0, 0.0, 0.0, 0.0, 0.0, 0.0, 0.0, 0.0, 0.0, 0.0, 0.0, 0.0, 0.0, 0.0, 0.0, 0.0, 0.0, 0.0, 0.0, 0.0, 0.0, 0.0, 0.0, 0.0, 0.0]",scheduled_hold
2021-09-14,303,False,"[0.0, 0.0, 0.0, 0.0, 0.0, 0.0, 0.0, 0.0, 0.0, 0.0, 0.0, 0.0, 0.0, 0.0, 0.0, 0.0, 0.0, 0.0, 0.0, 0.0, 0.0, 0.0, 0.0, 0.0, 0.0, 0.0, 0.0, 0.0]",scheduled_hold
2021-09-15,304,False,"[0.0, 0.0, 0.0, 0.0, 0.0, 0.0, 0.0, 0.0, 0.0, 0.0, 0.0, 0.0, 0.0, 0.0, 0.0, 0.0, 0.0, 0.0, 0.0, 0.0, 0.0, 0.0, 0.0, 0.0, 0.0, 0.0, 0.0, 0.0]",scheduled_hold
2021-09-16,305,True,"[0.06278280168771744, -0.02544291317462921, 0.09017571061849594, 0.06888385117053986, -0.20124036073684692, 0.14879801869392395, -0.15515056252479553, -0.17127379775047302, -0.005165938287973404, -0.13904909789562225, 0.13837364315986633, 0.24679121375083923, 0.015882546082139015, 0.010622311383485794, 0.035176508128643036, 0.08916392177343369, 0.19690252840518951, 0.0701487585902214, -0.1875906139612198, 0.17075960338115692, -0.09005410969257355, -0.05545990914106369, -0.01060170866549015, 0.17545105516910553, 0.12058376520872116, -0.03877871111035347, -0.021000146865844727, -0.005988967604935169]",model_decision
2021-09-17,306,False,"[0.0, 0.0, 0.0, 0.0, 0.0, 0.0, 0.0, 0.0, 0.0, 0.0, 0.0, 0.0, 0.0, 0.0, 0.0, 0.0, 0.0, 0.0, 0.0, 0.0, 0.0, 0.0, 0.0, 0.0, 0.0, 0.0, 0.0, 0.0]",scheduled_hold
2021-09-20,307,False,"[0.0, 0.0, 0.0, 0.0, 0.0, 0.0, 0.0, 0.0, 0.0, 0.0, 0.0, 0.0, 0.0, 0.0, 0.0, 0.0, 0.0, 0.0, 0.0, 0.0, 0.0, 0.0, 0.0, 0.0, 0.0, 0.0, 0.0, 0.0]",scheduled_hold
2021-09-21,308,False,"[0.0, 0.0, 0.0, 0.0, 0.0, 0.0, 0.0, 0.0, 0.0, 0.0, 0.0, 0.0, 0.0, 0.0, 0.0, 0.0, 0.0, 0.0, 0.0, 0.0, 0.0, 0.0, 0.0, 0.0, 0.0, 0.0, 0.0, 0.0]",scheduled_hold
2021-09-22,309,False,"[0.0, 0.0, 0.0, 0.0, 0.0, 0.0, 0.0, 0.0, 0.0, 0.0, 0.0, 0.0, 0.0, 0.0, 0.0, 0.0, 0.0, 0.0, 0.0, 0.0, 0.0, 0.0, 0.0, 0.0, 0.0, 0.0, 0.0, 0.0]",scheduled_hold
2021-09-23,310,True,"[0.04570045322179794, -0.03386131301522255, 0.11710240691900253, 0.06926681101322174, -0.13321632146835327, 0.14066195487976074, -0.08306493610143661, -0.15712904930114746, 0.00435212068259716, -0.2389691174030304, 0.15145140886306763, 0.2294410914182663, 0.03845072537660599, -0.009658955037593842, -0.01409962773323059, 0.03851065784692764, 0.27636560797691345, -0.05484646558761597, -0.15684251487255096, 0.2735587954521179, -0.09662926942110062, -0.046082183718681335, -0.04206647723913193, 0.24653780460357666, 0.10462881624698639, -0.038371771574020386, 0.043719299137592316, 0.039412517100572586]",model_decision
2021-09-24,311,False,"[0.0, 0.0, 0.0, 0.0, 0.0, 0.0, 0.0, 0.0, 0.0, 0.0, 0.0, 0.0, 0.0, 0.0, 0.0, 0.0, 0.0, 0.0, 0.0, 0.0, 0.0, 0.0, 0.0, 0.0, 0.0, 0.0, 0.0, 0.0]",scheduled_hold
2021-09-27,312,False,"[0.0, 0.0, 0.0, 0.0, 0.0, 0.0, 0.0, 0.0, 0.0, 0.0, 0.0, 0.0, 0.0, 0.0, 0.0, 0.0, 0.0, 0.0, 0.0, 0.0, 0.0, 0.0, 0.0, 0.0, 0.0, 0.0, 0.0, 0.0]",scheduled_hold
2021-09-28,313,False,"[0.0, 0.0, 0.0, 0.0, 0.0, 0.0, 0.0, 0.0, 0.0, 0.0, 0.0, 0.0, 0.0, 0.0, 0.0, 0.0, 0.0, 0.0, 0.0, 0.0, 0.0, 0.0, 0.0, 0.0, 0.0, 0.0, 0.0, 0.0]",scheduled_hold
2021-09-29,314,False,"[0.0, 0.0, 0.0, 0.0, 0.0, 0.0, 0.0, 0.0, 0.0, 0.0, 0.0, 0.0, 0.0, 0.0, 0.0, 0.0, 0.0, 0.0, 0.0, 0.0, 0.0, 0.0, 0.0, 0.0, 0.0, 0.0, 0.0, 0.0]",scheduled_hold
2021-09-30,315,True,"[0.06941062211990356, -0.00687803328037262, 0.04274284094572067, 0.08264084905385971, -0.1161893829703331, 0.12893067300319672, -0.15657420456409454, -0.13603520393371582, 0.03855513781309128, -0.19808310270309448, 0.13077443838119507, 0.19706827402114868, -0.014916015788912773, 0.05412016063928604, 0.003969259560108185, 0.09477443248033524, 0.1934928297996521, 0.020432190969586372, -0.18464216589927673, 0.2450408935546875, -0.061309799551963806, -0.04718884825706482, -0.009831110015511513, 0.19266901910305023, 0.08278609812259674, 0.031360819935798645, -0.0587795116007328, -0.013413569889962673]",model_decision
2021-10-01,316,False,"[0.0, 0.0, 0.0, 0.0, 0.0, 0.0, 0.0, 0.0, 0.0, 0.0, 0.0, 0.0, 0.0, 0.0, 0.0, 0.0, 0.0, 0.0, 0.0, 0.0, 0.0, 0.0, 0.0, 0.0, 0.0, 0.0, 0.0, 0.0]",scheduled_hold
2021-10-04,317,False,"[0.0, 0.0, 0.0, 0.0, 0.0, 0.0, 0.0, 0.0, 0.0, 0.0, 0.0, 0.0, 0.0, 0.0, 0.0, 0.0, 0.0, 0.0, 0.0, 0.0, 0.0, 0.0, 0.0, 0.0, 0.0, 0.0, 0.0, 0.0]",scheduled_hold
2021-10-05,318,False,"[0.0, 0.0, 0.0, 0.0, 0.0, 0.0, 0.0, 0.0, 0.0, 0.0, 0.0, 0.0, 0.0, 0.0, 0.0, 0.0, 0.0, 0.0, 0.0, 0.0, 0.0, 0.0, 0.0, 0.0, 0.0, 0.0, 0.0, 0.0]",scheduled_hold
2021-10-06,319,False,"[0.0, 0.0, 0.0, 0.0, 0.0, 0.0, 0.0, 0.0, 0.0, 0.0, 0.0, 0.0, 0.0, 0.0, 0.0, 0.0, 0.0, 0.0, 0.0, 0.0, 0.0, 0.0, 0.0, 0.0, 0.0, 0.0, 0.0, 0.0]",scheduled_hold
2021-10-07,320,True,"[0.05753989517688751, -0.10170724987983704, 0.11120671033859253, 0.08314348012208939, -0.23358866572380066, 0.1769006848335266, -0.0860818475484848, -0.123886339366436, -0.05225803703069687, -0.20412969589233398, 0.20311111211776733, 0.279252290725708, 0.029017647728323936, -0.04752090945839882, -0.029203791171312332, 0.0009008953347802162, 0.3414602279663086, -0.0015871208161115646, -0.1848999708890915, 0.2388642430305481, -0.06418844312429428, -0.06319422274827957, 0.0057960618287324905, 0.30871403217315674, 0.11258511990308762, -0.10341112315654755, 0.07201946526765823, 0.08990301191806793]",model_decision
2021-10-08,321,False,"[0.0, 0.0, 0.0, 0.0, 0.0, 0.0, 0.0, 0.0, 0.0, 0.0, 0.0, 0.0, 0.0, 0.0, 0.0, 0.0, 0.0, 0.0, 0.0, 0.0, 0.0, 0.0, 0.0, 0.0, 0.0, 0.0, 0.0, 0.0]",scheduled_hold
2021-10-11,322,False,"[0.0, 0.0, 0.0, 0.0, 0.0, 0.0, 0.0, 0.0, 0.0, 0.0, 0.0, 0.0, 0.0, 0.0, 0.0, 0.0, 0.0, 0.0, 0.0, 0.0, 0.0, 0.0, 0.0, 0.0, 0.0, 0.0, 0.0, 0.0]",scheduled_hold
2021-10-12,323,False,"[0.0, 0.0, 0.0, 0.0, 0.0, 0.0, 0.0, 0.0, 0.0, 0.0, 0.0, 0.0, 0.0, 0.0, 0.0, 0.0, 0.0, 0.0, 0.0, 0.0, 0.0, 0.0, 0.0, 0.0, 0.0, 0.0, 0.0, 0.0]",scheduled_hold
2021-10-13,324,False,"[0.0, 0.0, 0.0, 0.0, 0.0, 0.0, 0.0, 0.0, 0.0, 0.0, 0.0, 0.0, 0.0, 0.0, 0.0, 0.0, 0.0, 0.0, 0.0, 0.0, 0.0, 0.0, 0.0, 0.0, 0.0, 0.0, 0.0, 0.0]",scheduled_hold
2021-10-14,325,True,"[0.002866765484213829, -0.04712697118520737, 0.13832104206085205, 0.05374853312969208, -0.1987193524837494, 0.134166419506073, -0.11088165640830994, -0.2044098675251007, 0.04255111515522003, -0.20332461595535278, 0.1177065372467041, 0.20486478507518768, 0.02453073114156723, -0.00524166552349925, -0.03738424926996231, 0.02979528158903122, 0.1570686399936676, -0.074063241481781, -0.1242888942360878, 0.24367102980613708, -0.09145460277795792, -0.05375099554657936, -0.02348901517689228, 0.19232003390789032, 0.11966218054294586, -0.05974172055721283, 0.02151760831475258, 0.048851728439331055]",model_decision
2021-10-15,326,False,"[0.0, 0.0, 0.0, 0.0, 0.0, 0.0, 0.0, 0.0, 0.0, 0.0, 0.0, 0.0, 0.0, 0.0, 0.0, 0.0, 0.0, 0.0, 0.0, 0.0, 0.0, 0.0, 0.0, 0.0, 0.0, 0.0, 0.0, 0.0]",scheduled_hold
2021-10-18,327,False,"[0.0, 0.0, 0.0, 0.0, 0.0, 0.0, 0.0, 0.0, 0.0, 0.0, 0.0, 0.0, 0.0, 0.0, 0.0, 0.0, 0.0, 0.0, 0.0, 0.0, 0.0, 0.0, 0.0, 0.0, 0.0, 0.0, 0.0, 0.0]",scheduled_hold
2021-10-19,328,False,"[0.0, 0.0, 0.0, 0.0, 0.0, 0.0, 0.0, 0.0, 0.0, 0.0, 0.0, 0.0, 0.0, 0.0, 0.0, 0.0, 0.0, 0.0, 0.0, 0.0, 0.0, 0.0, 0.0, 0.0, 0.0, 0.0, 0.0, 0.0]",scheduled_hold
2021-10-20,329,False,"[0.0, 0.0, 0.0, 0.0, 0.0, 0.0, 0.0, 0.0, 0.0, 0.0, 0.0, 0.0, 0.0, 0.0, 0.0, 0.0, 0.0, 0.0, 0.0, 0.0, 0.0, 0.0, 0.0, 0.0, 0.0, 0.0, 0.0, 0.0]",scheduled_hold
2021-10-21,330,True,"[0.039659567177295685, 0.005157403647899628, 0.08597080409526825, 0.02815445512533188, -0.13385522365570068, 0.13637031614780426, -0.16331812739372253, -0.2072923183441162, 0.0445668026804924, -0.1734059900045395, 0.07586685568094254, 0.06637734174728394, -0.01933547481894493, 0.08718247711658478, 0.020749013870954514, 0.11677677184343338, 0.03052349016070366, -0.039761729538440704, -0.1356857419013977, 0.1931983381509781, -0.06298109143972397, 0.009560092352330685, -0.07822135090827942, 0.1356275975704193, 0.15010932087898254, 0.06180011108517647, -0.04375722259283066, 0.029262427240610123]",model_decision
2021-10-22,331,False,"[0.0, 0.0, 0.0, 0.0, 0.0, 0.0, 0.0, 0.0, 0.0, 0.0, 0.0, 0.0, 0.0, 0.0, 0.0, 0.0, 0.0, 0.0, 0.0, 0.0, 0.0, 0.0, 0.0, 0.0, 0.0, 0.0, 0.0, 0.0]",scheduled_hold
2021-10-25,332,False,"[0.0, 0.0, 0.0, 0.0, 0.0, 0.0, 0.0, 0.0, 0.0, 0.0, 0.0, 0.0, 0.0, 0.0, 0.0, 0.0, 0.0, 0.0, 0.0, 0.0, 0.0, 0.0, 0.0, 0.0, 0.0, 0.0, 0.0, 0.0]",scheduled_hold
2021-10-26,333,False,"[0.0, 0.0, 0.0, 0.0, 0.0, 0.0, 0.0, 0.0, 0.0, 0.0, 0.0, 0.0, 0.0, 0.0, 0.0, 0.0, 0.0, 0.0, 0.0, 0.0, 0.0, 0.0, 0.0, 0.0, 0.0, 0.0, 0.0, 0.0]",scheduled_hold
2021-10-27,334,False,"[0.0, 0.0, 0.0, 0.0, 0.0, 0.0, 0.0, 0.0, 0.0, 0.0, 0.0, 0.0, 0.0, 0.0, 0.0, 0.0, 0.0, 0.0, 0.0, 0.0, 0.0, 0.0, 0.0, 0.0, 0.0, 0.0, 0.0, 0.0]",scheduled_hold
2021-10-28,335,True,"[-0.00021075643599033356, 5.77978789806366e-05, 0.0944855809211731, 0.04523887112736702, -0.14980202913284302, 0.17888736724853516, -0.19457998871803284, -0.2073606550693512, 0.020830044522881508, -0.10650800168514252, 0.0847412645816803, 0.05931263044476509, -0.02533612959086895, 0.003867794293910265, 0.020092220976948738, 0.11322084814310074, 0.056834619492292404, -0.02339453436434269, -0.14343544840812683, 0.15740548074245453, -0.07420441508293152, 0.03558100759983063, -0.10973658412694931, 0.16785041987895966, 0.09540259838104248, 0.025059077888727188, -0.03216984122991562, 0.026260077953338623]",model_decision
2021-10-29,336,False,"[0.0, 0.0, 0.0, 0.0, 0.0, 0.0, 0.0, 0.0, 0.0, 0.0, 0.0, 0.0, 0.0, 0.0, 0.0, 0.0, 0.0, 0.0, 0.0, 0.0, 0.0, 0.0, 0.0, 0.0, 0.0, 0.0, 0.0, 0.0]",scheduled_hold
2021-11-01,337,False,"[0.0, 0.0, 0.0, 0.0, 0.0, 0.0, 0.0, 0.0, 0.0, 0.0, 0.0, 0.0, 0.0, 0.0, 0.0, 0.0, 0.0, 0.0, 0.0, 0.0, 0.0, 0.0, 0.0, 0.0, 0.0, 0.0, 0.0, 0.0]",scheduled_hold
2021-11-02,338,False,"[0.0, 0.0, 0.0, 0.0, 0.0, 0.0, 0.0, 0.0, 0.0, 0.0, 0.0, 0.0, 0.0, 0.0, 0.0, 0.0, 0.0, 0.0, 0.0, 0.0, 0.0, 0.0, 0.0, 0.0, 0.0, 0.0, 0.0, 0.0]",scheduled_hold
2021-11-03,339,False,"[0.0, 0.0, 0.0, 0.0, 0.0, 0.0, 0.0, 0.0, 0.0, 0.0, 0.0, 0.0, 0.0, 0.0, 0.0, 0.0, 0.0, 0.0, 0.0, 0.0, 0.0, 0.0, 0.0, 0.0, 0.0, 0.0, 0.0, 0.0]",scheduled_hold
2021-11-04,340,True,"[0.010001769289374352, -0.0743027776479721, 0.08434251695871353, 0.07395680993795395, -0.26075783371925354, 0.21996670961380005, -0.20475560426712036, -0.18276752531528473, 0.02541293390095234, -0.13495823740959167, 0.1502898633480072, 0.14622820913791656, 0.014123106375336647, -0.037008706480264664, -0.034493587911129, 0.016504690051078796, 0.15908093750476837, 0.011819610372185707, -0.11918548494577408, 0.18784376978874207, 0.0021078861318528652, 0.019312886521220207, -0.05436914414167404, 0.26506197452545166, 0.10740595310926437, -0.040179405361413956, 0.0470275804400444, 0.13320209085941315]",model_decision
2021-11-05,341,False,"[0.0, 0.0, 0.0, 0.0, 0.0, 0.0, 0.0, 0.0, 0.0, 0.0, 0.0, 0.0, 0.0, 0.0, 0.0, 0.0, 0.0, 0.0, 0.0, 0.0, 0.0, 0.0, 0.0, 0.0, 0.0, 0.0, 0.0, 0.0]",scheduled_hold
2021-11-08,342,False,"[0.0, 0.0, 0.0, 0.0, 0.0, 0.0, 0.0, 0.0, 0.0, 0.0, 0.0, 0.0, 0.0, 0.0, 0.0, 0.0, 0.0, 0.0, 0.0, 0.0, 0.0, 0.0, 0.0, 0.0, 0.0, 0.0, 0.0, 0.0]",scheduled_hold
2021-11-09,343,False,"[0.0, 0.0, 0.0, 0.0, 0.0, 0.0, 0.0, 0.0, 0.0, 0.0, 0.0, 0.0, 0.0, 0.0, 0.0, 0.0, 0.0, 0.0, 0.0, 0.0, 0.0, 0.0, 0.0, 0.0, 0.0, 0.0, 0.0, 0.0]",scheduled_hold
2021-11-10,344,False,"[0.0, 0.0, 0.0, 0.0, 0.0, 0.0, 0.0, 0.0, 0.0, 0.0, 0.0, 0.0, 0.0, 0.0, 0.0, 0.0, 0.0, 0.0, 0.0, 0.0, 0.0, 0.0, 0.0, 0.0, 0.0, 0.0, 0.0, 0.0]",scheduled_hold
2021-11-11,345,True,"[0.01336708478629589, -0.018786843866109848, 0.08990056067705154, 0.06971568614244461, -0.15514874458312988, 0.15107499063014984, -0.14659249782562256, -0.19550074636936188, 0.07553872466087341, -0.14932045340538025, 0.10804038494825363, 0.2014918178319931, 0.04205355793237686, -0.0044081988744437695, -0.06228070706129074, 0.03226492553949356, 0.12152943015098572, -0.05860568583011627, -0.10419600456953049, 0.23339220881462097, -0.02779519371688366, -0.0369461327791214, -0.06533578038215637, 0.20927372574806213, 0.09453760087490082, -0.03481422737240791, 0.02443952113389969, 0.10245448350906372]",model_decision
2021-11-12,346,False,"[0.0, 0.0, 0.0, 0.0, 0.0, 0.0, 0.0, 0.0, 0.0, 0.0, 0.0, 0.0, 0.0, 0.0, 0.0, 0.0, 0.0, 0.0, 0.0, 0.0, 0.0, 0.0, 0.0, 0.0, 0.0, 0.0, 0.0, 0.0]",scheduled_hold
2021-11-15,347,False,"[0.0, 0.0, 0.0, 0.0, 0.0, 0.0, 0.0, 0.0, 0.0, 0.0, 0.0, 0.0, 0.0, 0.0, 0.0, 0.0, 0.0, 0.0, 0.0, 0.0, 0.0, 0.0, 0.0, 0.0, 0.0, 0.0, 0.0, 0.0]",scheduled_hold
2021-11-16,348,False,"[0.0, 0.0, 0.0, 0.0, 0.0, 0.0, 0.0, 0.0, 0.0, 0.0, 0.0, 0.0, 0.0, 0.0, 0.0, 0.0, 0.0, 0.0, 0.0, 0.0, 0.0, 0.0, 0.0, 0.0, 0.0, 0.0, 0.0, 0.0]",scheduled_hold
2021-11-17,349,False,"[0.0, 0.0, 0.0, 0.0, 0.0, 0.0, 0.0, 0.0, 0.0, 0.0, 0.0, 0.0, 0.0, 0.0, 0.0, 0.0, 0.0, 0.0, 0.0, 0.0, 0.0, 0.0, 0.0, 0.0, 0.0, 0.0, 0.0, 0.0]",scheduled_hold
2021-11-18,350,True,"[0.0899108275771141, 0.021706148982048035, 0.10944870859384537, 0.13562075793743134, -0.151974156498909, 0.13766296207904816, -0.2325514554977417, -0.22458314895629883, 0.10741313546895981, -0.16553860902786255, 0.0883834958076477, 0.2589755654335022, 0.07172106951475143, 0.019943345338106155, -0.04689212515950203, 0.033327989280223846, 0.1932077556848526, 0.06541139632463455, -0.14260870218276978, 0.2747561037540436, 0.04275351017713547, -0.03944000229239464, 0.015074875205755234, 0.21018020808696747, 0.03249049931764603, 0.007071112282574177, -0.11622396856546402, 0.0797153189778328]",model_decision
2021-11-19,351,False,"[0.0, 0.0, 0.0, 0.0, 0.0, 0.0, 0.0, 0.0, 0.0, 0.0, 0.0, 0.0, 0.0, 0.0, 0.0, 0.0, 0.0, 0.0, 0.0, 0.0, 0.0, 0.0, 0.0, 0.0, 0.0, 0.0, 0.0, 0.0]",scheduled_hold
2021-11-22,352,False,"[0.0, 0.0, 0.0, 0.0, 0.0, 0.0, 0.0, 0.0, 0.0, 0.0, 0.0, 0.0, 0.0, 0.0, 0.0, 0.0, 0.0, 0.0, 0.0, 0.0, 0.0, 0.0, 0.0, 0.0, 0.0, 0.0, 0.0, 0.0]",scheduled_hold
2021-11-23,353,False,"[0.0, 0.0, 0.0, 0.0, 0.0, 0.0, 0.0, 0.0, 0.0, 0.0, 0.0, 0.0, 0.0, 0.0, 0.0, 0.0, 0.0, 0.0, 0.0, 0.0, 0.0, 0.0, 0.0, 0.0, 0.0, 0.0, 0.0, 0.0]",scheduled_hold
2021-11-24,354,False,"[0.0, 0.0, 0.0, 0.0, 0.0, 0.0, 0.0, 0.0, 0.0, 0.0, 0.0, 0.0, 0.0, 0.0, 0.0, 0.0, 0.0, 0.0, 0.0, 0.0, 0.0, 0.0, 0.0, 0.0, 0.0, 0.0, 0.0, 0.0]",scheduled_hold
2021-11-26,355,True,"[0.03157362341880798, 0.00497320294380188, 0.0984375849366188, 0.03089117631316185, -0.26395097374916077, 0.15534725785255432, -0.1552291363477707, -0.2467658966779709, 0.027793139219284058, -0.06864035129547119, 0.11340397596359253, 0.24840232729911804, -0.02665753848850727, 0.007007014472037554, -0.008255062624812126, 0.08248866349458694, 0.08705434203147888, 0.06808051466941833, -0.16333439946174622, 0.1163230836391449, -0.0821339562535286, -0.05878063291311264, 0.010661248117685318, 0.1198372095823288, 0.09327633678913116, -0.03829793259501457, -0.09192065894603729, -0.012224852107465267]",model_decision
2021-11-29,356,False,"[0.0, 0.0, 0.0, 0.0, 0.0, 0.0, 0.0, 0.0, 0.0, 0.0, 0.0, 0.0, 0.0, 0.0, 0.0, 0.0, 0.0, 0.0, 0.0, 0.0, 0.0, 0.0, 0.0, 0.0, 0.0, 0.0, 0.0, 0.0]",scheduled_hold
2021-11-30,357,False,"[0.0, 0.0, 0.0, 0.0, 0.0, 0.0, 0.0, 0.0, 0.0, 0.0, 0.0, 0.0, 0.0, 0.0, 0.0, 0.0, 0.0, 0.0, 0.0, 0.0, 0.0, 0.0, 0.0, 0.0, 0.0, 0.0, 0.0, 0.0]",scheduled_hold
2021-12-01,358,False,"[0.0, 0.0, 0.0, 0.0, 0.0, 0.0, 0.0, 0.0, 0.0, 0.0, 0.0, 0.0, 0.0, 0.0, 0.0, 0.0, 0.0, 0.0, 0.0, 0.0, 0.0, 0.0, 0.0, 0.0, 0.0, 0.0, 0.0, 0.0]",scheduled_hold
2021-12-02,359,False,"[0.0, 0.0, 0.0, 0.0, 0.0, 0.0, 0.0, 0.0, 0.0, 0.0, 0.0, 0.0, 0.0, 0.0, 0.0, 0.0, 0.0, 0.0, 0.0, 0.0, 0.0, 0.0, 0.0, 0.0, 0.0, 0.0, 0.0, 0.0]",scheduled_hold
2021-12-03,360,True,"[0.07066350430250168, 0.019477054476737976, 0.0698585957288742, 0.04372084140777588, -0.19009169936180115, 0.15977004170417786, -0.1344834715127945, -0.1897875815629959, -0.01704426109790802, -0.12054641544818878, 0.14152702689170837, 0.2569865584373474, -0.019228236749768257, -0.0009375694207847118, 0.017562944442033768, 0.08987443149089813, 0.1917935609817505, 0.07507424801588058, -0.18321245908737183, 0.15653572976589203, -0.08921580761671066, -0.04648137092590332, -0.005784681066870689, 0.16059166193008423, 0.09446948766708374, 0.008452864363789558, -0.0710555836558342, -0.028777427971363068]",model_decision
2021-12-06,361,False,"[0.0, 0.0, 0.0, 0.0, 0.0, 0.0, 0.0, 0.0, 0.0, 0.0, 0.0, 0.0, 0.0, 0.0, 0.0, 0.0, 0.0, 0.0, 0.0, 0.0, 0.0, 0.0, 0.0, 0.0, 0.0, 0.0, 0.0, 0.0]",scheduled_hold
2021-12-07,362,False,"[0.0, 0.0, 0.0, 0.0, 0.0, 0.0, 0.0, 0.0, 0.0, 0.0, 0.0, 0.0, 0.0, 0.0, 0.0, 0.0, 0.0, 0.0, 0.0, 0.0, 0.0, 0.0, 0.0, 0.0, 0.0, 0.0, 0.0, 0.0]",scheduled_hold
2021-12-08,363,False,"[0.0, 0.0, 0.0, 0.0, 0.0, 0.0, 0.0, 0.0, 0.0, 0.0, 0.0, 0.0, 0.0, 0.0, 0.0, 0.0, 0.0, 0.0, 0.0, 0.0, 0.0, 0.0, 0.0, 0.0, 0.0, 0.0, 0.0, 0.0]",scheduled_hold
2021-12-09,364,False,"[0.0, 0.0, 0.0, 0.0, 0.0, 0.0, 0.0, 0.0, 0.0, 0.0, 0.0, 0.0, 0.0, 0.0, 0.0, 0.0, 0.0, 0.0, 0.0, 0.0, 0.0, 0.0, 0.0, 0.0, 0.0, 0.0, 0.0, 0.0]",scheduled_hold
2021-12-10,365,True,"[0.025208299979567528, 0.0009180493652820587, 0.08300672471523285, 0.09534278512001038, -0.12986834347248077, 0.100924551486969, -0.1257229894399643, -0.14980848133563995, 0.06610044091939926, -0.20741592347621918, 0.10247261822223663, 0.2475893795490265, 0.052464649081230164, 0.054760146886110306, -0.06758368015289307, 0.06373921036720276, 0.23451702296733856, -0.031494468450546265, -0.1821485459804535, 0.19502508640289307, -0.06525854766368866, -0.11751239746809006, -0.08689116686582565, 0.20421461760997772, 0.12811130285263062, -0.013435615226626396, 0.023782674223184586, 0.08217573910951614]",model_decision
2021-12-13,366,False,"[0.0, 0.0, 0.0, 0.0, 0.0, 0.0, 0.0, 0.0, 0.0, 0.0, 0.0, 0.0, 0.0, 0.0, 0.0, 0.0, 0.0, 0.0, 0.0, 0.0, 0.0, 0.0, 0.0, 0.0, 0.0, 0.0, 0.0, 0.0]",scheduled_hold
2021-12-14,367,False,"[0.0, 0.0, 0.0, 0.0, 0.0, 0.0, 0.0, 0.0, 0.0, 0.0, 0.0, 0.0, 0.0, 0.0, 0.0, 0.0, 0.0, 0.0, 0.0, 0.0, 0.0, 0.0, 0.0, 0.0, 0.0, 0.0, 0.0, 0.0]",scheduled_hold
2021-12-15,368,False,"[0.0, 0.0, 0.0, 0.0, 0.0, 0.0, 0.0, 0.0, 0.0, 0.0, 0.0, 0.0, 0.0, 0.0, 0.0, 0.0, 0.0, 0.0, 0.0, 0.0, 0.0, 0.0, 0.0, 0.0, 0.0, 0.0, 0.0, 0.0]",scheduled_hold
2021-12-16,369,False,"[0.0, 0.0, 0.0, 0.0, 0.0, 0.0, 0.0, 0.0, 0.0, 0.0, 0.0, 0.0, 0.0, 0.0, 0.0, 0.0, 0.0, 0.0, 0.0, 0.0, 0.0, 0.0, 0.0, 0.0, 0.0, 0.0, 0.0, 0.0]",scheduled_hold
2021-12-17,370,True,"[0.036800168454647064, -0.061705172061920166, 0.04843214899301529, 0.10297871381044388, -0.2737363278865814, 0.18449579179286957, -0.12105944007635117, -0.1575288474559784, -0.03708883374929428, -0.09400847554206848, 0.17190706729888916, 0.2701728940010071, -0.011734692379832268, -0.02400864288210869, -0.03692825138568878, 0.06537045538425446, 0.23672206699848175, 0.11288650333881378, -0.1876525729894638, 0.08204374462366104, -0.04445622116327286, -0.11989331245422363, -0.01015976257622242, 0.23624968528747559, 0.1368984431028366, -0.08515196293592453, 0.044995613396167755, 0.07720940560102463]",model_decision
2021-12-20,371,False,"[0.0, 0.0, 0.0, 0.0, 0.0, 0.0, 0.0, 0.0, 0.0, 0.0, 0.0, 0.0, 0.0, 0.0, 0.0, 0.0, 0.0, 0.0, 0.0, 0.0, 0.0, 0.0, 0.0, 0.0, 0.0, 0.0, 0.0, 0.0]",scheduled_hold
2021-12-21,372,False,"[0.0, 0.0, 0.0, 0.0, 0.0, 0.0, 0.0, 0.0, 0.0, 0.0, 0.0, 0.0, 0.0, 0.0, 0.0, 0.0, 0.0, 0.0, 0.0, 0.0, 0.0, 0.0, 0.0, 0.0, 0.0, 0.0, 0.0, 0.0]",scheduled_hold
2021-12-22,373,False,"[0.0, 0.0, 0.0, 0.0, 0.0, 0.0, 0.0, 0.0, 0.0, 0.0, 0.0, 0.0, 0.0, 0.0, 0.0, 0.0, 0.0, 0.0, 0.0, 0.0, 0.0, 0.0, 0.0, 0.0, 0.0, 0.0, 0.0, 0.0]",scheduled_hold
2021-12-23,374,False,"[0.0, 0.0, 0.0, 0.0, 0.0, 0.0, 0.0, 0.0, 0.0, 0.0, 0.0, 0.0, 0.0, 0.0, 0.0, 0.0, 0.0, 0.0, 0.0, 0.0, 0.0, 0.0, 0.0, 0.0, 0.0, 0.0, 0.0, 0.0]",scheduled_hold
2021-12-27,375,True,"[0.016184000298380852, -0.09044693410396576, 0.07241680473089218, 0.1201866939663887, -0.21054315567016602, 0.16404518485069275, -0.07099281996488571, -0.11077266931533813, -0.022852608934044838, -0.19846677780151367, 0.1830843687057495, 0.2710783779621124, 0.029854295775294304, -0.05053292587399483, -0.057068973779678345, 0.013737299479544163, 0.32424241304397583, -0.008311888203024864, -0.1827544867992401, 0.19320806860923767, -0.06357655674219131, -0.09536964446306229, -0.010299349203705788, 0.2945628762245178, 0.10646027326583862, -0.08108546584844589, 0.10369166731834412, 0.12677767872810364]",model_decision
2021-12-28,376,False,"[0.0, 0.0, 0.0, 0.0, 0.0, 0.0, 0.0, 0.0, 0.0, 0.0, 0.0, 0.0, 0.0, 0.0, 0.0, 0.0, 0.0, 0.0, 0.0, 0.0, 0.0, 0.0, 0.0, 0.0, 0.0, 0.0, 0.0, 0.0]",scheduled_hold
2021-12-29,377,False,"[0.0, 0.0, 0.0, 0.0, 0.0, 0.0, 0.0, 0.0, 0.0, 0.0, 0.0, 0.0, 0.0, 0.0, 0.0, 0.0, 0.0, 0.0, 0.0, 0.0, 0.0, 0.0, 0.0, 0.0, 0.0, 0.0, 0.0, 0.0]",scheduled_hold
2021-12-30,378,False,"[0.0, 0.0, 0.0, 0.0, 0.0, 0.0, 0.0, 0.0, 0.0, 0.0, 0.0, 0.0, 0.0, 0.0, 0.0, 0.0, 0.0, 0.0, 0.0, 0.0, 0.0, 0.0, 0.0, 0.0, 0.0, 0.0, 0.0, 0.0]",scheduled_hold
2021-12-31,379,False,"[0.0, 0.0, 0.0, 0.0, 0.0, 0.0, 0.0, 0.0, 0.0, 0.0, 0.0, 0.0, 0.0, 0.0, 0.0, 0.0, 0.0, 0.0, 0.0, 0.0, 0.0, 0.0, 0.0, 0.0, 0.0, 0.0, 0.0, 0.0]",scheduled_hold
2022-01-03,380,True,"[0.02061174251139164, -0.11877989768981934, 0.06096445396542549, 0.16212770342826843, -0.1586085557937622, 0.15070611238479614, -0.027467183768749237, -0.1265244036912918, -0.021129602566361427, -0.1801866590976715, 0.16315147280693054, 0.25549519062042236, 0.04364253580570221, -0.006440985482186079, -0.057403359562158585, 0.05593366175889969, 0.3047775328159332, 0.004751259461045265, -0.16133294999599457, 0.22519321739673615, -0.04213036596775055, -0.09066369384527206, -0.044053852558135986, 0.2564115822315216, 0.1686946451663971, -0.1147417351603508, 0.09919441491365433, 0.09981665015220642]",model_decision
2022-01-04,381,False,"[0.0, 0.0, 0.0, 0.0, 0.0, 0.0, 0.0, 0.0, 0.0, 0.0, 0.0, 0.0, 0.0, 0.0, 0.0, 0.0, 0.0, 0.0, 0.0, 0.0, 0.0, 0.0, 0.0, 0.0, 0.0, 0.0, 0.0, 0.0]",scheduled_hold
2022-01-05,382,False,"[0.0, 0.0, 0.0, 0.0, 0.0, 0.0, 0.0, 0.0, 0.0, 0.0, 0.0, 0.0, 0.0, 0.0, 0.0, 0.0, 0.0, 0.0, 0.0, 0.0, 0.0, 0.0, 0.0, 0.0, 0.0, 0.0, 0.0, 0.0]",scheduled_hold
2022-01-06,383,False,"[0.0, 0.0, 0.0, 0.0, 0.0, 0.0, 0.0, 0.0, 0.0, 0.0, 0.0, 0.0, 0.0, 0.0, 0.0, 0.0, 0.0, 0.0, 0.0, 0.0, 0.0, 0.0, 0.0, 0.0, 0.0, 0.0, 0.0, 0.0]",scheduled_hold
2022-01-07,384,False,"[0.0, 0.0, 0.0, 0.0, 0.0, 0.0, 0.0, 0.0, 0.0, 0.0, 0.0, 0.0, 0.0, 0.0, 0.0, 0.0, 0.0, 0.0, 0.0, 0.0, 0.0, 0.0, 0.0, 0.0, 0.0, 0.0, 0.0, 0.0]",scheduled_hold
2022-01-10,385,True,"[0.046126268804073334, -0.059841085225343704, 0.021469658240675926, 0.11390229314565659, -0.20894783735275269, 0.13467881083488464, -0.13110898435115814, -0.10168027877807617, 0.02976868860423565, -0.2238888144493103, 0.17203232645988464, 0.2762998938560486, 0.030342159792780876, 0.005754445213824511, -0.0802096575498581, 0.02462059259414673, 0.3104197382926941, 0.03368346393108368, -0.16974323987960815, 0.21525809168815613, 0.006430452223867178, -0.11176946014165878, -0.0069231633096933365, 0.26405346393585205, 0.10137748718261719, -0.060245927423238754, 0.07750039547681808, 0.1167077124118805]",model_decision
2022-01-11,386,False,"[0.0, 0.0, 0.0, 0.0, 0.0, 0.0, 0.0, 0.0, 0.0, 0.0, 0.0, 0.0, 0.0, 0.0, 0.0, 0.0, 0.0, 0.0, 0.0, 0.0, 0.0, 0.0, 0.0, 0.0, 0.0, 0.0, 0.0, 0.0]",scheduled_hold
2022-01-12,387,False,"[0.0, 0.0, 0.0, 0.0, 0.0, 0.0, 0.0, 0.0, 0.0, 0.0, 0.0, 0.0, 0.0, 0.0, 0.0, 0.0, 0.0, 0.0, 0.0, 0.0, 0.0, 0.0, 0.0, 0.0, 0.0, 0.0, 0.0, 0.0]",scheduled_hold
2022-01-13,388,False,"[0.0, 0.0, 0.0, 0.0, 0.0, 0.0, 0.0, 0.0, 0.0, 0.0, 0.0, 0.0, 0.0, 0.0, 0.0, 0.0, 0.0, 0.0, 0.0, 0.0, 0.0, 0.0, 0.0, 0.0, 0.0, 0.0, 0.0, 0.0]",scheduled_hold
2022-01-14,389,False,"[0.0, 0.0, 0.0, 0.0, 0.0, 0.0, 0.0, 0.0, 0.0, 0.0, 0.0, 0.0, 0.0, 0.0, 0.0, 0.0, 0.0, 0.0, 0.0, 0.0, 0.0, 0.0, 0.0, 0.0, 0.0, 0.0, 0.0, 0.0]",scheduled_hold
2022-01-18,390,True,"[0.11241798102855682, -0.06409810483455658, 0.07014857232570648, 0.04593425244092941, -0.30028674006462097, 0.20828738808631897, -0.20870892703533173, -0.19821524620056152, 0.012674765661358833, -0.04500830918550491, 0.1753532737493515, 0.24719995260238647, 0.0017400814685970545, -0.00774631230160594, -0.018550056964159012, 0.037558503448963165, 0.1536046266555786, 0.15560872852802277, -0.13693782687187195, 0.1917467713356018, 0.037132613360881805, -0.02780524641275406, 0.07692467421293259, 0.23442886769771576, 0.10356198996305466, -0.06916380673646927, -0.08008019626140594, 0.045854318886995316]",model_decision
2022-01-19,391,False,"[0.0, 0.0, 0.0, 0.0, 0.0, 0.0, 0.0, 0.0, 0.0, 0.0, 0.0, 0.0, 0.0, 0.0, 0.0, 0.0, 0.0, 0.0, 0.0, 0.0, 0.0, 0.0, 0.0, 0.0, 0.0, 0.0, 0.0, 0.0]",scheduled_hold
2022-01-20,392,False,"[0.0, 0.0, 0.0, 0.0, 0.0, 0.0, 0.0, 0.0, 0.0, 0.0, 0.0, 0.0, 0.0, 0.0, 0.0, 0.0, 0.0, 0.0, 0.0, 0.0, 0.0, 0.0, 0.0, 0.0, 0.0, 0.0, 0.0, 0.0]",scheduled_hold
2022-01-21,393,False,"[0.0, 0.0, 0.0, 0.0, 0.0, 0.0, 0.0, 0.0, 0.0, 0.0, 0.0, 0.0, 0.0, 0.0, 0.0, 0.0, 0.0, 0.0, 0.0, 0.0, 0.0, 0.0, 0.0, 0.0, 0.0, 0.0, 0.0, 0.0]",scheduled_hold
2022-01-24,394,False,"[0.0, 0.0, 0.0, 0.0, 0.0, 0.0, 0.0, 0.0, 0.0, 0.0, 0.0, 0.0, 0.0, 0.0, 0.0, 0.0, 0.0, 0.0, 0.0, 0.0, 0.0, 0.0, 0.0, 0.0, 0.0, 0.0, 0.0, 0.0]",scheduled_hold
2022-01-25,395,True,"[0.11197870969772339, -0.05150475725531578, 0.11199834942817688, 0.015231904573738575, -0.2563602030277252, 0.11840187013149261, -0.22269348800182343, -0.19321757555007935, 0.09342101216316223, -0.15412402153015137, 0.1787729561328888, 0.25790295004844666, 0.10462870448827744, -0.01352020725607872, 0.00409650057554245, -0.0493803545832634, 0.15949712693691254, 0.048127125948667526, -0.1003996804356575, 0.27602431178092957, 0.03115495666861534, 0.027517862617969513, 0.17542532086372375, 0.22186782956123352, 0.0494624562561512, -0.06357308477163315, -0.06573928892612457, 0.028349362313747406]",model_decision
2022-01-26,396,False,"[0.0, 0.0, 0.0, 0.0, 0.0, 0.0, 0.0, 0.0, 0.0, 0.0, 0.0, 0.0, 0.0, 0.0, 0.0, 0.0, 0.0, 0.0, 0.0, 0.0, 0.0, 0.0, 0.0, 0.0, 0.0, 0.0, 0.0, 0.0]",scheduled_hold
2022-01-27,397,False,"[0.0, 0.0, 0.0, 0.0, 0.0, 0.0, 0.0, 0.0, 0.0, 0.0, 0.0, 0.0, 0.0, 0.0, 0.0, 0.0, 0.0, 0.0, 0.0, 0.0, 0.0, 0.0, 0.0, 0.0, 0.0, 0.0, 0.0, 0.0]",scheduled_hold
2022-01-28,398,False,"[0.0, 0.0, 0.0, 0.0, 0.0, 0.0, 0.0, 0.0, 0.0, 0.0, 0.0, 0.0, 0.0, 0.0, 0.0, 0.0, 0.0, 0.0, 0.0, 0.0, 0.0, 0.0, 0.0, 0.0, 0.0, 0.0, 0.0, 0.0]",scheduled_hold
2022-01-31,399,False,"[0.0, 0.0, 0.0, 0.0, 0.0, 0.0, 0.0, 0.0, 0.0, 0.0, 0.0, 0.0, 0.0, 0.0, 0.0, 0.0, 0.0, 0.0, 0.0, 0.0, 0.0, 0.0, 0.0, 0.0, 0.0, 0.0, 0.0, 0.0]",scheduled_hold
2022-02-01,400,True,"[0.08440793305635452, -0.09738260507583618, 0.05639077350497246, 0.0884915217757225, -0.21678467094898224, 0.17579685151576996, -0.09585384279489517, -0.11269579827785492, -0.03191953897476196, -0.2376723438501358, 0.2109810709953308, 0.24067805707454681, -0.002769967308267951, -0.038646381348371506, -0.017608359456062317, 0.004231796599924564, 0.3291129767894745, 0.00871925987303257, -0.1590593457221985, 0.2838485538959503, -0.029033223167061806, -0.05290769040584564, 0.03725389763712883, 0.28585392236709595, 0.08907493948936462, -0.07991097867488861, 0.07850492745637894, 0.07438620179891586]",model_decision
2022-02-02,401,False,"[0.0, 0.0, 0.0, 0.0, 0.0, 0.0, 0.0, 0.0, 0.0, 0.0, 0.0, 0.0, 0.0, 0.0, 0.0, 0.0, 0.0, 0.0, 0.0, 0.0, 0.0, 0.0, 0.0, 0.0, 0.0, 0.0, 0.0, 0.0]",scheduled_hold
2022-02-03,402,False,"[0.0, 0.0, 0.0, 0.0, 0.0, 0.0, 0.0, 0.0, 0.0, 0.0, 0.0, 0.0, 0.0, 0.0, 0.0, 0.0, 0.0, 0.0, 0.0, 0.0, 0.0, 0.0, 0.0, 0.0, 0.0, 0.0, 0.0, 0.0]",scheduled_hold
2022-02-04,403,False,"[0.0, 0.0, 0.0, 0.0, 0.0, 0.0, 0.0, 0.0, 0.0, 0.0, 0.0, 0.0, 0.0, 0.0, 0.0, 0.0, 0.0, 0.0, 0.0, 0.0, 0.0, 0.0, 0.0, 0.0, 0.0, 0.0, 0.0, 0.0]",scheduled_hold
2022-02-07,404,False,"[0.0, 0.0, 0.0, 0.0, 0.0, 0.0, 0.0, 0.0, 0.0, 0.0, 0.0, 0.0, 0.0, 0.0, 0.0, 0.0, 0.0, 0.0, 0.0, 0.0, 0.0, 0.0, 0.0, 0.0, 0.0, 0.0, 0.0, 0.0]",scheduled_hold
2022-02-08,405,True,"[0.06700059771537781, -0.05017298087477684, 0.037643853574991226, 0.08356774598360062, -0.26128995418548584, 0.1562352031469345, -0.22279003262519836, -0.15190505981445312, 0.07157569378614426, -0.1285822093486786, 0.1430204063653946, 0.2523462176322937, 0.05419488623738289, -0.0015377881936728954, -0.10510195791721344, -0.0036947866901755333, 0.1843205988407135, 0.04554683715105057, -0.10966868698596954, 0.21778258681297302, 0.07670354098081589, -0.061757154762744904, -0.02288762293756008, 0.2714992165565491, 0.07735021412372589, -0.056917447596788406, 0.03456397354602814, 0.13709095120429993]",model_decision
2022-02-09,406,False,"[0.0, 0.0, 0.0, 0.0, 0.0, 0.0, 0.0, 0.0, 0.0, 0.0, 0.0, 0.0, 0.0, 0.0, 0.0, 0.0, 0.0, 0.0, 0.0, 0.0, 0.0, 0.0, 0.0, 0.0, 0.0, 0.0, 0.0, 0.0]",scheduled_hold
2022-02-10,407,False,"[0.0, 0.0, 0.0, 0.0, 0.0, 0.0, 0.0, 0.0, 0.0, 0.0, 0.0, 0.0, 0.0, 0.0, 0.0, 0.0, 0.0, 0.0, 0.0, 0.0, 0.0, 0.0, 0.0, 0.0, 0.0, 0.0, 0.0, 0.0]",scheduled_hold
2022-02-11,408,False,"[0.0, 0.0, 0.0, 0.0, 0.0, 0.0, 0.0, 0.0, 0.0, 0.0, 0.0, 0.0, 0.0, 0.0, 0.0, 0.0, 0.0, 0.0, 0.0, 0.0, 0.0, 0.0, 0.0, 0.0, 0.0, 0.0, 0.0, 0.0]",scheduled_hold
2022-02-14,409,False,"[0.0, 0.0, 0.0, 0.0, 0.0, 0.0, 0.0, 0.0, 0.0, 0.0, 0.0, 0.0, 0.0, 0.0, 0.0, 0.0, 0.0, 0.0, 0.0, 0.0, 0.0, 0.0, 0.0, 0.0, 0.0, 0.0, 0.0, 0.0]",scheduled_hold
2022-02-15,410,True,"[0.11220967769622803, -0.031178198754787445, 0.056942909955978394, 0.05659843236207962, -0.19905805587768555, 0.16837117075920105, -0.2084699273109436, -0.1770440638065338, 0.023050839081406593, -0.08773680776357651, 0.14202933013439178, 0.2106359601020813, 0.0005673377308994532, 0.019247207790613174, -0.01918804459273815, 0.05304739624261856, 0.15459570288658142, 0.07820737361907959, -0.15063072741031647, 0.22830113768577576, 0.010226400569081306, -0.014867748133838177, 0.006835870444774628, 0.24596063792705536, 0.07632401585578918, -0.0010735532268881798, -0.09881653636693954, 0.032423269003629684]",model_decision
2022-02-16,411,False,"[0.0, 0.0, 0.0, 0.0, 0.0, 0.0, 0.0, 0.0, 0.0, 0.0, 0.0, 0.0, 0.0, 0.0, 0.0, 0.0, 0.0, 0.0, 0.0, 0.0, 0.0, 0.0, 0.0, 0.0, 0.0, 0.0, 0.0, 0.0]",scheduled_hold
2022-02-17,412,False,"[0.0, 0.0, 0.0, 0.0, 0.0, 0.0, 0.0, 0.0, 0.0, 0.0, 0.0, 0.0, 0.0, 0.0, 0.0, 0.0, 0.0, 0.0, 0.0, 0.0, 0.0, 0.0, 0.0, 0.0, 0.0, 0.0, 0.0, 0.0]",scheduled_hold
2022-02-18,413,False,"[0.0, 0.0, 0.0, 0.0, 0.0, 0.0, 0.0, 0.0, 0.0, 0.0, 0.0, 0.0, 0.0, 0.0, 0.0, 0.0, 0.0, 0.0, 0.0, 0.0, 0.0, 0.0, 0.0, 0.0, 0.0, 0.0, 0.0, 0.0]",scheduled_hold
2022-02-22,414,False,"[0.0, 0.0, 0.0, 0.0, 0.0, 0.0, 0.0, 0.0, 0.0, 0.0, 0.0, 0.0, 0.0, 0.0, 0.0, 0.0, 0.0, 0.0, 0.0, 0.0, 0.0, 0.0, 0.0, 0.0, 0.0, 0.0, 0.0, 0.0]",scheduled_hold
2022-02-23,415,True,"[0.13962489366531372, -0.020279865711927414, 0.04670672118663788, 0.07697965949773788, -0.12010153383016586, 0.16283901035785675, -0.19516019523143768, -0.18954172730445862, 0.031135318800807, -0.13924944400787354, 0.13387420773506165, 0.21838510036468506, 0.013844260945916176, 0.04278365895152092, 0.03537382185459137, 0.08116874098777771, 0.18305426836013794, 0.12058427184820175, -0.1550968587398529, 0.26145508885383606, -0.007532675284892321, -0.007294652052223682, 0.029849112033843994, 0.19948123395442963, 0.09241629391908646, 0.013907129876315594, -0.09610342979431152, -0.013819879852235317]",model_decision
2022-02-24,416,False,"[0.0, 0.0, 0.0, 0.0, 0.0, 0.0, 0.0, 0.0, 0.0, 0.0, 0.0, 0.0, 0.0, 0.0, 0.0, 0.0, 0.0, 0.0, 0.0, 0.0, 0.0, 0.0, 0.0, 0.0, 0.0, 0.0, 0.0, 0.0]",scheduled_hold
2022-02-25,417,False,"[0.0, 0.0, 0.0, 0.0, 0.0, 0.0, 0.0, 0.0, 0.0, 0.0, 0.0, 0.0, 0.0, 0.0, 0.0, 0.0, 0.0, 0.0, 0.0, 0.0, 0.0, 0.0, 0.0, 0.0, 0.0, 0.0, 0.0, 0.0]",scheduled_hold
2022-02-28,418,False,"[0.0, 0.0, 0.0, 0.0, 0.0, 0.0, 0.0, 0.0, 0.0, 0.0, 0.0, 0.0, 0.0, 0.0, 0.0, 0.0, 0.0, 0.0, 0.0, 0.0, 0.0, 0.0, 0.0, 0.0, 0.0, 0.0, 0.0, 0.0]",scheduled_hold
2022-03-01,419,False,"[0.0, 0.0, 0.0, 0.0, 0.0, 0.0, 0.0, 0.0, 0.0, 0.0, 0.0, 0.0, 0.0, 0.0, 0.0, 0.0, 0.0, 0.0, 0.0, 0.0, 0.0, 0.0, 0.0, 0.0, 0.0, 0.0, 0.0, 0.0]",scheduled_hold
2022-03-02,420,True,"[0.11227918416261673, -0.06409938633441925, 0.0703338235616684, 0.045913439244031906, -0.300427109003067, 0.20829617977142334, -0.2087041139602661, -0.1982833445072174, 0.012570919468998909, -0.044818758964538574, 0.17527426779270172, 0.24735189974308014, 0.001779699930921197, -0.007799107115715742, -0.018551860004663467, 0.037611111998558044, 0.15358643233776093, 0.15553785860538483, -0.13712002336978912, 0.19145995378494263, 0.03693784400820732, -0.02792615443468094, 0.0766778364777565, 0.23443536460399628, 0.1036934182047844, -0.06934242695569992, -0.08006270974874496, 0.045962125062942505]",model_decision
2022-03-03,421,False,"[0.0, 0.0, 0.0, 0.0, 0.0, 0.0, 0.0, 0.0, 0.0, 0.0, 0.0, 0.0, 0.0, 0.0, 0.0, 0.0, 0.0, 0.0, 0.0, 0.0, 0.0, 0.0, 0.0, 0.0, 0.0, 0.0, 0.0, 0.0]",scheduled_hold
2022-03-04,422,False,"[0.0, 0.0, 0.0, 0.0, 0.0, 0.0, 0.0, 0.0, 0.0, 0.0, 0.0, 0.0, 0.0, 0.0, 0.0, 0.0, 0.0, 0.0, 0.0, 0.0, 0.0, 0.0, 0.0, 0.0, 0.0, 0.0, 0.0, 0.0]",scheduled_hold
2022-03-07,423,False,"[0.0, 0.0, 0.0, 0.0, 0.0, 0.0, 0.0, 0.0, 0.0, 0.0, 0.0, 0.0, 0.0, 0.0, 0.0, 0.0, 0.0, 0.0, 0.0, 0.0, 0.0, 0.0, 0.0, 0.0, 0.0, 0.0, 0.0, 0.0]",scheduled_hold
2022-03-08,424,False,"[0.0, 0.0, 0.0, 0.0, 0.0, 0.0, 0.0, 0.0, 0.0, 0.0, 0.0, 0.0, 0.0, 0.0, 0.0, 0.0, 0.0, 0.0, 0.0, 0.0, 0.0, 0.0, 0.0, 0.0, 0.0, 0.0, 0.0, 0.0]",scheduled_hold
2022-03-09,425,True,"[0.07456074655056, 0.017668448388576508, 0.09008187055587769, 0.06565382331609726, -0.18583238124847412, 0.1339167058467865, -0.30099257826805115, -0.21645453572273254, 0.13785691559314728, -0.1960250586271286, 0.0764029249548912, 0.12268577516078949, 0.04346083104610443, 0.07666809111833572, -0.011278275400400162, 0.0335690900683403, 0.10815449059009552, 0.015003714710474014, -0.12944680452346802, 0.2782757878303528, 0.04142625629901886, 0.05087399110198021, -0.058375582098960876, 0.1912958174943924, 0.09439115226268768, 0.03158937022089958, -0.08458010107278824, 0.03863421082496643]",model_decision
2022-03-10,426,False,"[0.0, 0.0, 0.0, 0.0, 0.0, 0.0, 0.0, 0.0, 0.0, 0.0, 0.0, 0.0, 0.0, 0.0, 0.0, 0.0, 0.0, 0.0, 0.0, 0.0, 0.0, 0.0, 0.0, 0.0, 0.0, 0.0, 0.0, 0.0]",scheduled_hold
2022-03-11,427,False,"[0.0, 0.0, 0.0, 0.0, 0.0, 0.0, 0.0, 0.0, 0.0, 0.0, 0.0, 0.0, 0.0, 0.0, 0.0, 0.0, 0.0, 0.0, 0.0, 0.0, 0.0, 0.0, 0.0, 0.0, 0.0, 0.0, 0.0, 0.0]",scheduled_hold
2022-03-14,428,False,"[0.0, 0.0, 0.0, 0.0, 0.0, 0.0, 0.0, 0.0, 0.0, 0.0, 0.0, 0.0, 0.0, 0.0, 0.0, 0.0, 0.0, 0.0, 0.0, 0.0, 0.0, 0.0, 0.0, 0.0, 0.0, 0.0, 0.0, 0.0]",scheduled_hold
2022-03-15,429,False,"[0.0, 0.0, 0.0, 0.0, 0.0, 0.0, 0.0, 0.0, 0.0, 0.0, 0.0, 0.0, 0.0, 0.0, 0.0, 0.0, 0.0, 0.0, 0.0, 0.0, 0.0, 0.0, 0.0, 0.0, 0.0, 0.0, 0.0, 0.0]",scheduled_hold
2022-03-16,430,True,"[0.027440456673502922, -0.042067572474479675, 0.09198016673326492, 0.0627748891711235, -0.2796882688999176, 0.187827005982399, -0.26305827498435974, -0.20115233957767487, 0.05652262270450592, -0.1055845394730568, 0.11873167753219604, 0.1804267168045044, 0.04732804745435715, 0.020310748368501663, -0.06891781091690063, 0.042864687740802765, 0.13994100689888, 0.04709414392709732, -0.14228162169456482, 0.15987752377986908, 0.03918759524822235, -0.026070374995470047, -0.09209764748811722, 0.24423150718212128, 0.12079490721225739, -0.02963312342762947, 0.0079227639362216, 0.13114137947559357]",model_decision
2022-03-17,431,False,"[0.0, 0.0, 0.0, 0.0, 0.0, 0.0, 0.0, 0.0, 0.0, 0.0, 0.0, 0.0, 0.0, 0.0, 0.0, 0.0, 0.0, 0.0, 0.0, 0.0, 0.0, 0.0, 0.0, 0.0, 0.0, 0.0, 0.0, 0.0]",scheduled_hold
2022-03-18,432,False,"[0.0, 0.0, 0.0, 0.0, 0.0, 0.0, 0.0, 0.0, 0.0, 0.0, 0.0, 0.0, 0.0, 0.0, 0.0, 0.0, 0.0, 0.0, 0.0, 0.0, 0.0, 0.0, 0.0, 0.0, 0.0, 0.0, 0.0, 0.0]",scheduled_hold
2022-03-21,433,False,"[0.0, 0.0, 0.0, 0.0, 0.0, 0.0, 0.0, 0.0, 0.0, 0.0, 0.0, 0.0, 0.0, 0.0, 0.0, 0.0, 0.0, 0.0, 0.0, 0.0, 0.0, 0.0, 0.0, 0.0, 0.0, 0.0, 0.0, 0.0]",scheduled_hold
2022-03-22,434,False,"[0.0, 0.0, 0.0, 0.0, 0.0, 0.0, 0.0, 0.0, 0.0, 0.0, 0.0, 0.0, 0.0, 0.0, 0.0, 0.0, 0.0, 0.0, 0.0, 0.0, 0.0, 0.0, 0.0, 0.0, 0.0, 0.0, 0.0, 0.0]",scheduled_hold
2022-03-23,435,True,"[-0.001360991969704628, -0.0480542853474617, 0.10620938986539841, 0.07992639392614365, -0.30618229508399963, 0.16462408006191254, -0.2078125774860382, -0.19629767537117004, 0.05064516142010689, -0.1443108320236206, 0.10619153082370758, 0.17702141404151917, 0.033738866448402405, 0.03215901926159859, -0.0660342127084732, 0.06590098887681961, 0.17406383156776428, 0.03073973022401333, -0.16687162220478058, 0.13339056074619293, -0.026141660287976265, -0.0859958752989769, -0.0806543156504631, 0.2166248857975006, 0.14670105278491974, -0.051037952303886414, 0.05473414063453674, 0.13644875586032867]",model_decision
2022-03-24,436,False,"[0.0, 0.0, 0.0, 0.0, 0.0, 0.0, 0.0, 0.0, 0.0, 0.0, 0.0, 0.0, 0.0, 0.0, 0.0, 0.0, 0.0, 0.0, 0.0, 0.0, 0.0, 0.0, 0.0, 0.0, 0.0, 0.0, 0.0, 0.0]",scheduled_hold
2022-03-25,437,False,"[0.0, 0.0, 0.0, 0.0, 0.0, 0.0, 0.0, 0.0, 0.0, 0.0, 0.0, 0.0, 0.0, 0.0, 0.0, 0.0, 0.0, 0.0, 0.0, 0.0, 0.0, 0.0, 0.0, 0.0, 0.0, 0.0, 0.0, 0.0]",scheduled_hold
2022-03-28,438,False,"[0.0, 0.0, 0.0, 0.0, 0.0, 0.0, 0.0, 0.0, 0.0, 0.0, 0.0, 0.0, 0.0, 0.0, 0.0, 0.0, 0.0, 0.0, 0.0, 0.0, 0.0, 0.0, 0.0, 0.0, 0.0, 0.0, 0.0, 0.0]",scheduled_hold
2022-03-29,439,False,"[0.0, 0.0, 0.0, 0.0, 0.0, 0.0, 0.0, 0.0, 0.0, 0.0, 0.0, 0.0, 0.0, 0.0, 0.0, 0.0, 0.0, 0.0, 0.0, 0.0, 0.0, 0.0, 0.0, 0.0, 0.0, 0.0, 0.0, 0.0]",scheduled_hold
2022-03-30,440,True,"[0.022240424528717995, -0.10547177493572235, 0.06175164878368378, 0.15223881602287292, -0.17017459869384766, 0.18227019906044006, -0.09044519066810608, -0.1369386911392212, -0.012641150504350662, -0.19345243275165558, 0.14906181395053864, 0.16509518027305603, 0.03852264955639839, 0.006436128634959459, -0.012663668021559715, 0.0688856765627861, 0.2514761686325073, 0.018232429400086403, -0.14852315187454224, 0.21316827833652496, -0.03362540155649185, -0.009651369415223598, -0.08544287085533142, 0.24491940438747406, 0.17541268467903137, -0.07276801019906998, 0.09500855207443237, 0.08866342902183533]",model_decision
2022-03-31,441,False,"[0.0, 0.0, 0.0, 0.0, 0.0, 0.0, 0.0, 0.0, 0.0, 0.0, 0.0, 0.0, 0.0, 0.0, 0.0, 0.0, 0.0, 0.0, 0.0, 0.0, 0.0, 0.0, 0.0, 0.0, 0.0, 0.0, 0.0, 0.0]",scheduled_hold
2022-04-01,442,False,"[0.0, 0.0, 0.0, 0.0, 0.0, 0.0, 0.0, 0.0, 0.0, 0.0, 0.0, 0.0, 0.0, 0.0, 0.0, 0.0, 0.0, 0.0, 0.0, 0.0, 0.0, 0.0, 0.0, 0.0, 0.0, 0.0, 0.0, 0.0]",scheduled_hold
2022-04-04,443,False,"[0.0, 0.0, 0.0, 0.0, 0.0, 0.0, 0.0, 0.0, 0.0, 0.0, 0.0, 0.0, 0.0, 0.0, 0.0, 0.0, 0.0, 0.0, 0.0, 0.0, 0.0, 0.0, 0.0, 0.0, 0.0, 0.0, 0.0, 0.0]",scheduled_hold
2022-04-05,444,False,"[0.0, 0.0, 0.0, 0.0, 0.0, 0.0, 0.0, 0.0, 0.0, 0.0, 0.0, 0.0, 0.0, 0.0, 0.0, 0.0, 0.0, 0.0, 0.0, 0.0, 0.0, 0.0, 0.0, 0.0, 0.0, 0.0, 0.0, 0.0]",scheduled_hold
2022-04-06,445,True,"[0.06454278528690338, -0.06881174445152283, 0.05066775158047676, 0.07967092841863632, -0.31228479743003845, 0.1831534206867218, -0.21752047538757324, -0.18235056102275848, 0.07791028916835785, -0.1123616024851799, 0.15045180916786194, 0.27682310342788696, 0.05428742244839668, -0.00605539558455348, -0.08251439034938812, -0.01522406842559576, 0.17964908480644226, 0.10408580303192139, -0.09823337942361832, 0.18293264508247375, 0.09503795206546783, -0.055513348430395126, 0.034114062786102295, 0.24512822926044464, 0.10095620155334473, -0.0954093486070633, 0.03955027088522911, 0.12635430693626404]",model_decision
2022-04-07,446,False,"[0.0, 0.0, 0.0, 0.0, 0.0, 0.0, 0.0, 0.0, 0.0, 0.0, 0.0, 0.0, 0.0, 0.0, 0.0, 0.0, 0.0, 0.0, 0.0, 0.0, 0.0, 0.0, 0.0, 0.0, 0.0, 0.0, 0.0, 0.0]",scheduled_hold
2022-04-08,447,False,"[0.0, 0.0, 0.0, 0.0, 0.0, 0.0, 0.0, 0.0, 0.0, 0.0, 0.0, 0.0, 0.0, 0.0, 0.0, 0.0, 0.0, 0.0, 0.0, 0.0, 0.0, 0.0, 0.0, 0.0, 0.0, 0.0, 0.0, 0.0]",scheduled_hold
2022-04-11,448,False,"[0.0, 0.0, 0.0, 0.0, 0.0, 0.0, 0.0, 0.0, 0.0, 0.0, 0.0, 0.0, 0.0, 0.0, 0.0, 0.0, 0.0, 0.0, 0.0, 0.0, 0.0, 0.0, 0.0, 0.0, 0.0, 0.0, 0.0, 0.0]",scheduled_hold
2022-04-12,449,False,"[0.0, 0.0, 0.0, 0.0, 0.0, 0.0, 0.0, 0.0, 0.0, 0.0, 0.0, 0.0, 0.0, 0.0, 0.0, 0.0, 0.0, 0.0, 0.0, 0.0, 0.0, 0.0, 0.0, 0.0, 0.0, 0.0, 0.0, 0.0]",scheduled_hold
2022-04-13,450,True,"[0.07170014083385468, -0.05451064556837082, 0.11384674161672592, 0.1392698734998703, -0.3142334520816803, 0.1756352186203003, -0.23601505160331726, -0.19093939661979675, 0.09614700824022293, -0.1822597086429596, 0.15477611124515533, 0.35595282912254333, 0.10309876501560211, -0.02465967833995819, -0.06563162803649902, -0.05662368983030319, 0.2717870771884918, 0.1447727531194687, -0.12025345861911774, 0.26390960812568665, 0.11900383979082108, -0.05252242460846901, 0.08574296534061432, 0.24882079660892487, 0.09586305916309357, -0.12353841960430145, -0.010321983136236668, 0.14863170683383942]",model_decision
2022-04-14,451,False,"[0.0, 0.0, 0.0, 0.0, 0.0, 0.0, 0.0, 0.0, 0.0, 0.0, 0.0, 0.0, 0.0, 0.0, 0.0, 0.0, 0.0, 0.0, 0.0, 0.0, 0.0, 0.0, 0.0, 0.0, 0.0, 0.0, 0.0, 0.0]",scheduled_hold
2022-04-18,452,False,"[0.0, 0.0, 0.0, 0.0, 0.0, 0.0, 0.0, 0.0, 0.0, 0.0, 0.0, 0.0, 0.0, 0.0, 0.0, 0.0, 0.0, 0.0, 0.0, 0.0, 0.0, 0.0, 0.0, 0.0, 0.0, 0.0, 0.0, 0.0]",scheduled_hold
2022-04-19,453,False,"[0.0, 0.0, 0.0, 0.0, 0.0, 0.0, 0.0, 0.0, 0.0, 0.0, 0.0, 0.0, 0.0, 0.0, 0.0, 0.0, 0.0, 0.0, 0.0, 0.0, 0.0, 0.0, 0.0, 0.0, 0.0, 0.0, 0.0, 0.0]",scheduled_hold
2022-04-20,454,False,"[0.0, 0.0, 0.0, 0.0, 0.0, 0.0, 0.0, 0.0, 0.0, 0.0, 0.0, 0.0, 0.0, 0.0, 0.0, 0.0, 0.0, 0.0, 0.0, 0.0, 0.0, 0.0, 0.0, 0.0, 0.0, 0.0, 0.0, 0.0]",scheduled_hold
2022-04-21,455,True,"[0.010001765564084053, -0.07430276274681091, 0.08434251695871353, 0.07395680993795395, -0.26075783371925354, 0.21996672451496124, -0.20475561916828156, -0.18276754021644592, 0.025412939488887787, -0.13495823740959167, 0.1502898633480072, 0.14622819423675537, 0.014123102650046349, -0.03700871393084526, -0.03449360281229019, 0.016504697501659393, 0.15908095240592957, 0.011819595471024513, -0.11918547749519348, 0.18784375488758087, 0.0021078824065625668, 0.019312888383865356, -0.05436914414167404, 0.26506203413009644, 0.10740592330694199, -0.04017940163612366, 0.0470275804400444, 0.13320210576057434]",model_decision
2022-04-22,456,False,"[0.0, 0.0, 0.0, 0.0, 0.0, 0.0, 0.0, 0.0, 0.0, 0.0, 0.0, 0.0, 0.0, 0.0, 0.0, 0.0, 0.0, 0.0, 0.0, 0.0, 0.0, 0.0, 0.0, 0.0, 0.0, 0.0, 0.0, 0.0]",scheduled_hold
2022-04-25,457,False,"[0.0, 0.0, 0.0, 0.0, 0.0, 0.0, 0.0, 0.0, 0.0, 0.0, 0.0, 0.0, 0.0, 0.0, 0.0, 0.0, 0.0, 0.0, 0.0, 0.0, 0.0, 0.0, 0.0, 0.0, 0.0, 0.0, 0.0, 0.0]",scheduled_hold
2022-04-26,458,False,"[0.0, 0.0, 0.0, 0.0, 0.0, 0.0, 0.0, 0.0, 0.0, 0.0, 0.0, 0.0, 0.0, 0.0, 0.0, 0.0, 0.0, 0.0, 0.0, 0.0, 0.0, 0.0, 0.0, 0.0, 0.0, 0.0, 0.0, 0.0]",scheduled_hold
2022-04-27,459,False,"[0.0, 0.0, 0.0, 0.0, 0.0, 0.0, 0.0, 0.0, 0.0, 0.0, 0.0, 0.0, 0.0, 0.0, 0.0, 0.0, 0.0, 0.0, 0.0, 0.0, 0.0, 0.0, 0.0, 0.0, 0.0, 0.0, 0.0, 0.0]",scheduled_hold
2022-04-28,460,True,"[0.04505656659603119, -0.021132539957761765, 0.07615607231855392, 0.08730774372816086, -0.17804273962974548, 0.15808935463428497, -0.18950340151786804, -0.1716759204864502, 0.04578666388988495, -0.2033226490020752, 0.11041955649852753, 0.19984091818332672, 0.05032142624258995, 0.0571199394762516, 0.0051907943561673164, 0.06750132888555527, 0.1980234682559967, 0.08945717662572861, -0.17607727646827698, 0.15101489424705505, -0.04914402589201927, -0.029617667198181152, -0.07883913069963455, 0.17253679037094116, 0.15154914557933807, -0.0008181119337677956, 0.018867403268814087, 0.0572732649743557]",model_decision
2022-04-29,461,False,"[0.0, 0.0, 0.0, 0.0, 0.0, 0.0, 0.0, 0.0, 0.0, 0.0, 0.0, 0.0, 0.0, 0.0, 0.0, 0.0, 0.0, 0.0, 0.0, 0.0, 0.0, 0.0, 0.0, 0.0, 0.0, 0.0, 0.0, 0.0]",scheduled_hold
2022-05-02,462,False,"[0.0, 0.0, 0.0, 0.0, 0.0, 0.0, 0.0, 0.0, 0.0, 0.0, 0.0, 0.0, 0.0, 0.0, 0.0, 0.0, 0.0, 0.0, 0.0, 0.0, 0.0, 0.0, 0.0, 0.0, 0.0, 0.0, 0.0, 0.0]",scheduled_hold
2022-05-03,463,False,"[0.0, 0.0, 0.0, 0.0, 0.0, 0.0, 0.0, 0.0, 0.0, 0.0, 0.0, 0.0, 0.0, 0.0, 0.0, 0.0, 0.0, 0.0, 0.0, 0.0, 0.0, 0.0, 0.0, 0.0, 0.0, 0.0, 0.0, 0.0]",scheduled_hold
2022-05-04,464,False,"[0.0, 0.0, 0.0, 0.0, 0.0, 0.0, 0.0, 0.0, 0.0, 0.0, 0.0, 0.0, 0.0, 0.0, 0.0, 0.0, 0.0, 0.0, 0.0, 0.0, 0.0, 0.0, 0.0, 0.0, 0.0, 0.0, 0.0, 0.0]",scheduled_hold
2022-05-05,465,True,"[0.0828695148229599, 0.008099127560853958, 0.12664008140563965, 0.11092314124107361, -0.11829626560211182, 0.1535901129245758, -0.25141870975494385, -0.2115163952112198, 0.02704104594886303, -0.17729248106479645, 0.0996098667383194, 0.22322900593280792, 0.08508159965276718, 0.017799323424696922, 0.053682610392570496, 0.06773973256349564, 0.22637173533439636, 0.1454160362482071, -0.19317728281021118, 0.20817795395851135, 0.016657764092087746, 0.03668152540922165, -0.024952733889222145, 0.15104489028453827, 0.08466120064258575, -0.017801344394683838, -0.09424176812171936, 0.05640534311532974]",model_decision
2022-05-06,466,False,"[0.0, 0.0, 0.0, 0.0, 0.0, 0.0, 0.0, 0.0, 0.0, 0.0, 0.0, 0.0, 0.0, 0.0, 0.0, 0.0, 0.0, 0.0, 0.0, 0.0, 0.0, 0.0, 0.0, 0.0, 0.0, 0.0, 0.0, 0.0]",scheduled_hold
2022-05-09,467,False,"[0.0, 0.0, 0.0, 0.0, 0.0, 0.0, 0.0, 0.0, 0.0, 0.0, 0.0, 0.0, 0.0, 0.0, 0.0, 0.0, 0.0, 0.0, 0.0, 0.0, 0.0, 0.0, 0.0, 0.0, 0.0, 0.0, 0.0, 0.0]",scheduled_hold
2022-05-10,468,False,"[0.0, 0.0, 0.0, 0.0, 0.0, 0.0, 0.0, 0.0, 0.0, 0.0, 0.0, 0.0, 0.0, 0.0, 0.0, 0.0, 0.0, 0.0, 0.0, 0.0, 0.0, 0.0, 0.0, 0.0, 0.0, 0.0, 0.0, 0.0]",scheduled_hold
2022-05-11,469,False,"[0.0, 0.0, 0.0, 0.0, 0.0, 0.0, 0.0, 0.0, 0.0, 0.0, 0.0, 0.0, 0.0, 0.0, 0.0, 0.0, 0.0, 0.0, 0.0, 0.0, 0.0, 0.0, 0.0, 0.0, 0.0, 0.0, 0.0, 0.0]",scheduled_hold
2022-05-12,470,True,"[0.06961631029844284, -0.027040716260671616, 0.17801311612129211, 0.06863214820623398, -0.2628194987773895, 0.11495044827461243, -0.2257007211446762, -0.21498483419418335, 0.0388728566467762, -0.1423836499452591, 0.16379442811012268, 0.30989670753479004, 0.12789903581142426, -0.05438355356454849, 0.01264367625117302, -0.035908930003643036, 0.23812764883041382, 0.0861208513379097, -0.14930619299411774, 0.20638278126716614, 0.031893547624349594, -0.024061549454927444, 0.162220761179924, 0.17702226340770721, 0.04192635416984558, -0.11955412477254868, -0.07482323795557022, 0.09047979861497879]",model_decision
2022-05-13,471,False,"[0.0, 0.0, 0.0, 0.0, 0.0, 0.0, 0.0, 0.0, 0.0, 0.0, 0.0, 0.0, 0.0, 0.0, 0.0, 0.0, 0.0, 0.0, 0.0, 0.0, 0.0, 0.0, 0.0, 0.0, 0.0, 0.0, 0.0, 0.0]",scheduled_hold
2022-05-16,472,False,"[0.0, 0.0, 0.0, 0.0, 0.0, 0.0, 0.0, 0.0, 0.0, 0.0, 0.0, 0.0, 0.0, 0.0, 0.0, 0.0, 0.0, 0.0, 0.0, 0.0, 0.0, 0.0, 0.0, 0.0, 0.0, 0.0, 0.0, 0.0]",scheduled_hold
2022-05-17,473,False,"[0.0, 0.0, 0.0, 0.0, 0.0, 0.0, 0.0, 0.0, 0.0, 0.0, 0.0, 0.0, 0.0, 0.0, 0.0, 0.0, 0.0, 0.0, 0.0, 0.0, 0.0, 0.0, 0.0, 0.0, 0.0, 0.0, 0.0, 0.0]",scheduled_hold
2022-05-18,474,False,"[0.0, 0.0, 0.0, 0.0, 0.0, 0.0, 0.0, 0.0, 0.0, 0.0, 0.0, 0.0, 0.0, 0.0, 0.0, 0.0, 0.0, 0.0, 0.0, 0.0, 0.0, 0.0, 0.0, 0.0, 0.0, 0.0, 0.0, 0.0]",scheduled_hold
2022-05-19,475,True,"[0.14271590113639832, -0.0642571747303009, 0.08284483104944229, -0.019017402082681656, -0.3086605370044708, 0.155489981174469, -0.2766159772872925, -0.09394359588623047, 0.025491274893283844, -0.10077977925539017, 0.25943243503570557, 0.283943772315979, 0.09453146904706955, -0.10710171610116959, 0.06573209911584854, -0.053400978446006775, 0.18474756181240082, 0.11187088489532471, -0.11436294764280319, 0.18735459446907043, 0.029042379930615425, 0.07297374308109283, 0.26491105556488037, 0.2456503063440323, -0.010647103190422058, -0.08977191895246506, -0.1194968894124031, 0.05036652833223343]",model_decision
2022-05-20,476,False,"[0.0, 0.0, 0.0, 0.0, 0.0, 0.0, 0.0, 0.0, 0.0, 0.0, 0.0, 0.0, 0.0, 0.0, 0.0, 0.0, 0.0, 0.0, 0.0, 0.0, 0.0, 0.0, 0.0, 0.0, 0.0, 0.0, 0.0, 0.0]",scheduled_hold
2022-05-23,477,False,"[0.0, 0.0, 0.0, 0.0, 0.0, 0.0, 0.0, 0.0, 0.0, 0.0, 0.0, 0.0, 0.0, 0.0, 0.0, 0.0, 0.0, 0.0, 0.0, 0.0, 0.0, 0.0, 0.0, 0.0, 0.0, 0.0, 0.0, 0.0]",scheduled_hold
2022-05-24,478,False,"[0.0, 0.0, 0.0, 0.0, 0.0, 0.0, 0.0, 0.0, 0.0, 0.0, 0.0, 0.0, 0.0, 0.0, 0.0, 0.0, 0.0, 0.0, 0.0, 0.0, 0.0, 0.0, 0.0, 0.0, 0.0, 0.0, 0.0, 0.0]",scheduled_hold
2022-05-25,479,False,"[0.0, 0.0, 0.0, 0.0, 0.0, 0.0, 0.0, 0.0, 0.0, 0.0, 0.0, 0.0, 0.0, 0.0, 0.0, 0.0, 0.0, 0.0, 0.0, 0.0, 0.0, 0.0, 0.0, 0.0, 0.0, 0.0, 0.0, 0.0]",scheduled_hold
2022-05-26,480,True,"[0.06700059026479721, -0.05017295852303505, 0.03764386475086212, 0.08356775343418121, -0.26128995418548584, 0.15623518824577332, -0.22279004752635956, -0.15190505981445312, 0.07157570868730545, -0.12858223915100098, 0.1430203765630722, 0.2523462176322937, 0.05419490486383438, -0.0015377956442534924, -0.10510196536779404, -0.003694816492497921, 0.1843205839395523, 0.04554682597517967, -0.10966867953538895, 0.21778257191181183, 0.07670355588197708, -0.061757154762744904, -0.022887608036398888, 0.2714992165565491, 0.07735021412372589, -0.056917477399110794, 0.034563999623060226, 0.13709098100662231]",model_decision
